49a4f35c2c2e19c365e2183d57e0882510bda8c1_bbien;bien
49a4f35c2c2e19c365e2183d57e0882510bda8c1_utilisar;utilizar
49a4f35c2c2e19c365e2183d57e0882510bda8c1_androy;androceo
49a4f35c2c2e19c365e2183d57e0882510bda8c1_wwwgrupobancolombiacom;bancolombia
49a4f35c2c2e19c365e2183d57e0882510bda8c1_lellendo;leyendo
49a4f35c2c2e19c365e2183d57e0882510bda8c1_sañieron;desabrieron
49a4f35c2c2e19c365e2183d57e0882510bda8c1_cuenteme;cuénteme
49a4f35c2c2e19c365e2183d57e0882510bda8c1_dentrar;dentar
49a4f35c2c2e19c365e2183d57e0882510bda8c1_solisitaron;solicitaron
49a4f35c2c2e19c365e2183d57e0882510bda8c1_muchisimas;muchísimas
2d22c16851e09ef96f5e229649fefe5c9f733ac2_aut_banco;atrabanco
2d22c16851e09ef96f5e229649fefe5c9f733ac2_interrsar;interesar
2d22c16851e09ef96f5e229649fefe5c9f733ac2_eml_90b94ce6bf22ab1c5b185db36129644281450d8d;interesar
a6bcc68d2048deae7051d777cbd30d9afd18e139_httpwwwgrupobancolombiacomwpsportalpersonasdejanos-llamarte;interesar
0aa47b7e016f028efa7d6671af4366b226cb86d2_aut_banco;atrabanco
0aa47b7e016f028efa7d6671af4366b226cb86d2_permitame;permita me
0aa47b7e016f028efa7d6671af4366b226cb86d2_wwwgrupobancolombiacom;bancolombia
7cd090a50c54bbe4e657ae2e72b4694457182507_servindustria;industrialista
7cd090a50c54bbe4e657ae2e72b4694457182507_aut_banco;atrabanco
7cd090a50c54bbe4e657ae2e72b4694457182507_eml_5db4288481c92b442f7e1f8d8d13c25e497ee3fc;industrialista
7ae8e8a6316d16643fd1ff9ca0fc43cbabf6739d_santalucia;santa lucia
aca8be3b9964d2b0ad95db4f4f4c7f710352cdd9_automatico;automático
aca8be3b9964d2b0ad95db4f4f4c7f710352cdd9_muchaw;mucha
ce9ffa6d8afce4c652b086e35ab04ad59f781ced_aut_banco;atrabanco
ce9ffa6d8afce4c652b086e35ab04ad59f781ced_eml_69b6736c81cd0b3d2024736c9b54c5e336aa2d21;atrabanco
ce9ffa6d8afce4c652b086e35ab04ad59f781ced_permitame;permita me
fe95d0b461b3d1f1ee3538eeafeeeae3a14f21dc_cedul;cedula
5f93082187824545c588ce1fbdbaae79c4d5fecb_correto;correteo
5f93082187824545c588ce1fbdbaae79c4d5fecb_excediento;excediendo
5f93082187824545c588ce1fbdbaae79c4d5fecb_httpwwwgrupobancolombiacomwpsportalpersonasdocumentos-legalesproteccion-datosbancolombia-sa;excediendo
5f93082187824545c588ce1fbdbaae79c4d5fecb_agendamiento;agenda miento
5f93082187824545c588ce1fbdbaae79c4d5fecb_0mtgyn2r66r6trnw;agenda miento
af64d2b9d8ae568436e3494959410718fd1ec607_wwwgrupobancolombiacomco;bancolombia
af64d2b9d8ae568436e3494959410718fd1ec607_eñora;añore
af64d2b9d8ae568436e3494959410718fd1ec607_-;a
af64d2b9d8ae568436e3494959410718fd1ec607__;a
af64d2b9d8ae568436e3494959410718fd1ec607_@;a
f4472df5c78a65ade64e06f671bef029f0c61a0b_aut_banco;atrabanco
f4472df5c78a65ade64e06f671bef029f0c61a0b_castanogallego@gmailcom;atrabanco
68f7d3ed9f2dafc99175070d4d1a9d21a7ac004b_señor@;señor
68f7d3ed9f2dafc99175070d4d1a9d21a7ac004b_httpwwwgrupobancolombiacomwpsportalpersonasdocumentos-legalesproteccion-datosbancolombia-sa;señor
ad25903395c5a125fab44ba580931a24a69baed1_nteo;neto
ad25903395c5a125fab44ba580931a24a69baed1_pprodriguez;rodríguez
ad25903395c5a125fab44ba580931a24a69baed1_quuiero;quiero
ad25903395c5a125fab44ba580931a24a69baed1_manejarlaos;manejaros
ad25903395c5a125fab44ba580931a24a69baed1_infomacion;inficiona
ad25903395c5a125fab44ba580931a24a69baed1_requiro;requiero
ad25903395c5a125fab44ba580931a24a69baed1_actulizada;actualizada
ad25903395c5a125fab44ba580931a24a69baed1_wwwgrupobancolombiacom;bancolombia
4ee841ee29498ede151fe6f4507b8d848f9ac38d_agendamiento;agenda miento
4ee841ee29498ede151fe6f4507b8d848f9ac38d_0mtgyn2r66r6trpd;agenda miento
7a28d655475fab6b99b1949acaeed854f9b64d5d_remesagiro;remesa giro
7a28d655475fab6b99b1949acaeed854f9b64d5d_tomese;tómese
7a28d655475fab6b99b1949acaeed854f9b64d5d_cuenteme;cuénteme
7a28d655475fab6b99b1949acaeed854f9b64d5d_direcciono;direccional
7a28d655475fab6b99b1949acaeed854f9b64d5d_3000usd;direccional
7a28d655475fab6b99b1949acaeed854f9b64d5d_9millones;millones
7630aee3fe6bcf282c51949676d18e7542675032_aut_banco;atrabanco
c9757cd317ec39b7abff1bfaf62820a2d5e2bda3_importamte;importante
c9757cd317ec39b7abff1bfaf62820a2d5e2bda3_aut_banco;atrabanco
c9757cd317ec39b7abff1bfaf62820a2d5e2bda3_{o;o
c9757cd317ec39b7abff1bfaf62820a2d5e2bda3_genrar;generar
c9757cd317ec39b7abff1bfaf62820a2d5e2bda3_hotmali;hortaliza
c9757cd317ec39b7abff1bfaf62820a2d5e2bda3_eml_32a100246d212e56c1c42e906d176d8cb64e634d;hortaliza
c9757cd317ec39b7abff1bfaf62820a2d5e2bda3_wwwgrupobancolombiacom;bancolombia
c9757cd317ec39b7abff1bfaf62820a2d5e2bda3_ovlidó;olvidó
c9757cd317ec39b7abff1bfaf62820a2d5e2bda3_vmaos;vamos
c9757cd317ec39b7abff1bfaf62820a2d5e2bda3_permitame;permita me
ba9a160cdc258e73affb2a204441ae69bf517d93_e-prepago;e-preparo
5d1b2dbfbf75bf70e534820afdde783b0ff18c12_aut_banco;atrabanco
5d1b2dbfbf75bf70e534820afdde783b0ff18c12_%s;ss
d9ef39c2cac8dd7d30fcf5e66eb92f33eab64541_wwwgrupobancolombiacom;bancolombia
0e21e10fcf4bc369b39a6ff15c674718fc0ab305_permitame;permita me
0e21e10fcf4bc369b39a6ff15c674718fc0ab305_httpwwwgrupobancolombiacomwpsportalpersonasdocumentos-legalesproteccion-datosbancolombia-sa;permita me
0e21e10fcf4bc369b39a6ff15c674718fc0ab305_aaha;avaha
0e21e10fcf4bc369b39a6ff15c674718fc0ab305_virtuala;virtual
0e21e10fcf4bc369b39a6ff15c674718fc0ab305_asiganada;asignada
0e21e10fcf4bc369b39a6ff15c674718fc0ab305_agendamiento;agenda miento
0e21e10fcf4bc369b39a6ff15c674718fc0ab305_0mtgyn2r66r6trq8;agenda miento
bf7bfcb8f05d2e52721097e4d9faa0b0c45fa595_httpwwwgrupobancolombiacomwpsportalpersonasdocumentos-legalesproteccion-datosbancolombia-sa;agenda miento
a58228c8f15f927dbb8975f2756e0da9172a1be5_wwwgrupobancolombiacom;bancolombia
a58228c8f15f927dbb8975f2756e0da9172a1be5_superioes;superes
31af9f5cdc6e80df0b04b8bd01fea55a3ae93531_aut_banco;atrabanco
31af9f5cdc6e80df0b04b8bd01fea55a3ae93531_solutecnicas;luminotecnias
768937fbc840f7bde6f90348d0530c0409b96368_aborar;aburar
768937fbc840f7bde6f90348d0530c0409b96368_permitame;permita me
768937fbc840f7bde6f90348d0530c0409b96368_-;a
768937fbc840f7bde6f90348d0530c0409b96368_700am;a
768937fbc840f7bde6f90348d0530c0409b96368_845pm;a
768937fbc840f7bde6f90348d0530c0409b96368_730am;a
4819580a2cf40893d57565e8e3395bede242b679_buens;buenas
4819580a2cf40893d57565e8e3395bede242b679_alpestar;alpestre
6cbad78267aeb4121d41996729d4c50182dd4430_httpsaunclicgrupobancolombiacomwebportalventaspersonasdocumentosbancolombiareferencias-bancarias;alpestre
6cbad78267aeb4121d41996729d4c50182dd4430_aut_banco;atrabanco
8b6daad7195951449b437adb7be5e61598d048e7_graciaa;gracia
8b6daad7195951449b437adb7be5e61598d048e7_colabored;colabores
8b6daad7195951449b437adb7be5e61598d048e7_envias;enviás
8b6daad7195951449b437adb7be5e61598d048e7_aut_banco;atrabanco
227beef8173ecca8d4d544261aac32e3593d5c36_httpwwwgrupobancolombiacomwpsportalpersonasdocumentos-legalesproteccion-datosbancolombia-sa;atrabanco
227beef8173ecca8d4d544261aac32e3593d5c36_agendamiento;agenda miento
227beef8173ecca8d4d544261aac32e3593d5c36_0mtgyn2r66r6trmb;agenda miento
7afa2afe63ac6f79a3878b4b4920722d84839788_trarferencia;interferencia
7afa2afe63ac6f79a3878b4b4920722d84839788_*se;se
7afa2afe63ac6f79a3878b4b4920722d84839788_*deberá;desbeberá
7afa2afe63ac6f79a3878b4b4920722d84839788_debitada;debatida
7afa2afe63ac6f79a3878b4b4920722d84839788_+;a
7afa2afe63ac6f79a3878b4b4920722d84839788_16%;a
7afa2afe63ac6f79a3878b4b4920722d84839788_selos;soles
a67f9dd023f7de1204013033e87ea3d6b7278528_podrias;podrías
a67f9dd023f7de1204013033e87ea3d6b7278528_demaciado;demasiado
a67f9dd023f7de1204013033e87ea3d6b7278528_wwwgrupobancolombiacom;bancolombia
e47f2e46449deeadb598fceeaf7abebdda790d04_pregu;pregunta
e47f2e46449deeadb598fceeaf7abebdda790d04_ntas;natas
e47f2e46449deeadb598fceeaf7abebdda790d04_wwwbancolombiacom;bancolombia
e47f2e46449deeadb598fceeaf7abebdda790d04_wwwgrupobancolombiacom;bancolombia
e47f2e46449deeadb598fceeaf7abebdda790d04_gorrecto;recolector
e47f2e46449deeadb598fceeaf7abebdda790d04_yaselecciono;ya selecciono
e47f2e46449deeadb598fceeaf7abebdda790d04_pregunats;preguntas
e47f2e46449deeadb598fceeaf7abebdda790d04_señor@;señor
e47f2e46449deeadb598fceeaf7abebdda790d04_httpwwwgrupobancolombiacomwpsportalpersonasdocumentos-legalesproteccion-datosbancolombia-sa;señor
d936e3a84189126fbecf4ce945d8f435268adb8c_alcorreo;al correo
d936e3a84189126fbecf4ce945d8f435268adb8c_aut_banco;atrabanco
d936e3a84189126fbecf4ce945d8f435268adb8c_endeguida;ende guida
d936e3a84189126fbecf4ce945d8f435268adb8c_intrgral;aquintrala
d936e3a84189126fbecf4ce945d8f435268adb8c_#;a
d936e3a84189126fbecf4ce945d8f435268adb8c_wwwgrupobancolombiacom;bancolombia
3ac6ecc4a038eadd7b973f729390d1d627c6324c_barramquilla;barranquilla
3ac6ecc4a038eadd7b973f729390d1d627c6324c_5año;año
3ac6ecc4a038eadd7b973f729390d1d627c6324c_regaleme;regale me
00e19d59f70f5ef9a5656128818cdb2dfb88cee6_aut_banco;atrabanco
00e19d59f70f5ef9a5656128818cdb2dfb88cee6_dani_;anida
00e19d59f70f5ef9a5656128818cdb2dfb88cee6_eml_7fd89d02e6c6a6c13893dd743d4ff2aab912c13f;anida
00e19d59f70f5ef9a5656128818cdb2dfb88cee6_wwwgrupobancolombiacom;bancolombia
49302453cadc6fe0e7736f3c778fbd4616378dc9_descarge;descargue
49302453cadc6fe0e7736f3c778fbd4616378dc9_permitame;permita me
49302453cadc6fe0e7736f3c778fbd4616378dc9_aplicacoon;aplicación
9d16b65914439de6cd3fb6c5d15a1085bd8b38dc_gan9;gana
9d16b65914439de6cd3fb6c5d15a1085bd8b38dc_barramquilla;barranquilla
9d16b65914439de6cd3fb6c5d15a1085bd8b38dc_e-mail;e-mal
ccf24d28d728f797630945ee79dea1ab92624b9b_odtengo;obtengo
ccf24d28d728f797630945ee79dea1ab92624b9b_agendamiento;agenda miento
ccf24d28d728f797630945ee79dea1ab92624b9b_0mtgyn2r66r6trru;agenda miento
5f352cc870a9550027d9c43b89c218217099fd74_elefónico;ele fónico
5f352cc870a9550027d9c43b89c218217099fd74_+;a
5f352cc870a9550027d9c43b89c218217099fd74_httpwwwgrupobancolombiacomwpsportalpersonasdocumentos-legalesproteccion-datosbancolombia-sa;a
5f352cc870a9550027d9c43b89c218217099fd74_0mtgyn2r66r6trrh;a
5f352cc870a9550027d9c43b89c218217099fd74_agendamiento;agenda miento
5f352cc870a9550027d9c43b89c218217099fd74_mincuenta;cincuenta
5f352cc870a9550027d9c43b89c218217099fd74_consepto;concepto
5f352cc870a9550027d9c43b89c218217099fd74_encuenta;encenta
9b662a526453d86363a0fdc6048c76d7596eb20e_1000am;encenta
9b662a526453d86363a0fdc6048c76d7596eb20e_permitame;permita me
364c47ad21c938340418ef9c1c2b1faa468dccb5_tarrjeta;tarjeta
364c47ad21c938340418ef9c1c2b1faa468dccb5_aut_banco;atrabanco
364c47ad21c938340418ef9c1c2b1faa468dccb5_ketherine;interine
364c47ad21c938340418ef9c1c2b1faa468dccb5_muchisimas;muchísimas
3d63262c2a5263107b9e0210a37abbbe21ec6ed8_personalya;personal ya
3d63262c2a5263107b9e0210a37abbbe21ec6ed8_descarge;descargue
3d63262c2a5263107b9e0210a37abbbe21ec6ed8_gradeceria;gradecer
3d63262c2a5263107b9e0210a37abbbe21ec6ed8_wwwbancolombiacom;bancolombia
3d63262c2a5263107b9e0210a37abbbe21ec6ed8_ingresaa;ingresas
3d63262c2a5263107b9e0210a37abbbe21ec6ed8_pongala;póngala
3d63262c2a5263107b9e0210a37abbbe21ec6ed8_solocitar;solicitar
3d63262c2a5263107b9e0210a37abbbe21ec6ed8_diceque;diseque
3d63262c2a5263107b9e0210a37abbbe21ec6ed8_ivalido;valido
3d63262c2a5263107b9e0210a37abbbe21ec6ed8_wwwgrupobancolombiacom;bancolombia
3d63262c2a5263107b9e0210a37abbbe21ec6ed8_abajonuna;abandona
666a41d98ff8967619ca40b1925b62097dc7a687_aut_banco;atrabanco
2e2b68a8180dd0b63995d7cfa8b1296cc5845514_cerifique;suberifique
2e2b68a8180dd0b63995d7cfa8b1296cc5845514_aut_banco;atrabanco
2e2b68a8180dd0b63995d7cfa8b1296cc5845514_permitame;permita me
2e2b68a8180dd0b63995d7cfa8b1296cc5845514_muchisimas;muchísimas
dfe9f3a8ef261c477c9415f6debc98db8ddc46a8_l-m-mi-j;la-m-mi-j
dfe9f3a8ef261c477c9415f6debc98db8ddc46a8_-;a
dfe9f3a8ef261c477c9415f6debc98db8ddc46a8_utlice;utilice
dfe9f3a8ef261c477c9415f6debc98db8ddc46a8_e-mail;e-mal
48991dd860d72281210fb9e7105749d9bf603f3f_aut_banco;atrabanco
48991dd860d72281210fb9e7105749d9bf603f3f_permitame;permita me
48991dd860d72281210fb9e7105749d9bf603f3f_cuenteme;cuénteme
cdeb10fcf591fd85c0e43f7c6f53176649a59547_agendamiento;agenda miento
cdeb10fcf591fd85c0e43f7c6f53176649a59547_0mtgyn2r66r6trt2;agenda miento
a5464be558d5c7b7f4e1a61f6f28b51f5d469e62_emarzo;e marzo
a5464be558d5c7b7f4e1a61f6f28b51f5d469e62_e-mail;e-mal
a5464be558d5c7b7f4e1a61f6f28b51f5d469e62_dg29b;e-mal
a5464be558d5c7b7f4e1a61f6f28b51f5d469e62_n°49-17;e-mal
a5464be558d5c7b7f4e1a61f6f28b51f5d469e62_gracas;gracias
c5e0ecffb76c8bb29efc909d5e30ab40ff2e5b09_muchisismas;muchísimas
c5e0ecffb76c8bb29efc909d5e30ab40ff2e5b09_efecty;efecto
dfca86378e76823b9e38ecacafef37556c60ef4b_permitame;permita me
dfca86378e76823b9e38ecacafef37556c60ef4b_51a;permita me
9cb42443704e5bbcba31e0e4108af515b17ab9f0_ltras;letras
4104e1b1276868b99581ebd73a78a79e83ca4248_refinaciacion;refinación
4104e1b1276868b99581ebd73a78a79e83ca4248_permitame;permita me
4104e1b1276868b99581ebd73a78a79e83ca4248_50%;permita me
4104e1b1276868b99581ebd73a78a79e83ca4248_mesesla;meses la
4641693070433be56d76f2497e0ff335c8c0a8ae_permitame;permita me
4641693070433be56d76f2497e0ff335c8c0a8ae_aut_banco;atrabanco
4641693070433be56d76f2497e0ff335c8c0a8ae_httpwwwgrupobancolombiacomwpsportalpersonasdocumentos-legalesproteccion-datosbancolombia-sa;atrabanco
4641693070433be56d76f2497e0ff335c8c0a8ae_0mtgyn2r66r6trhu;atrabanco
3ebaaa36c85fae73e065800049a076eecffa20a4_tiemp;tiempo
a2f69c6f9ff1411cc9783ac2e375ea76543c2c24_volverselo;volvérselo
a2f69c6f9ff1411cc9783ac2e375ea76543c2c24_aut_banco;atrabanco
2f3d43b083407ee911cac0485954a6dfd356cb26_debpo;debo
2f3d43b083407ee911cac0485954a6dfd356cb26_permitame;permita me
2f3d43b083407ee911cac0485954a6dfd356cb26_wwwgrupobancolombiacom;bancolombia
8a0ccd6c00809be37b470cc211085bdaa90369cd_aut_banco;atrabanco
8a0ccd6c00809be37b470cc211085bdaa90369cd_hahaha;avaha
8a0ccd6c00809be37b470cc211085bdaa90369cd_entregen;entreguen
8a0ccd6c00809be37b470cc211085bdaa90369cd_yr@livecom;avaha
8a0ccd6c00809be37b470cc211085bdaa90369cd_llegfa;llega
d4b830c23cfd59a62bf5d60d81aadd49394a9160_2da;da
d4b830c23cfd59a62bf5d60d81aadd49394a9160_httpwwwgrupobancolombiacomwpsportalpersonasdocumentos-legalesproteccion-datosbancolombia-sa;da
d4b830c23cfd59a62bf5d60d81aadd49394a9160_agendamiento;agenda miento
d4b830c23cfd59a62bf5d60d81aadd49394a9160_0mtgyn2r66r6trnr;agenda miento
7e4fbfa34874d41659d9c2f11f69173ac5acce04_delcelular;del celular
7e4fbfa34874d41659d9c2f11f69173ac5acce04_facturanet;facturan et
ef87e260b09916c1a50427a391c995d4937864e2_siseñor;si señor
ef87e260b09916c1a50427a391c995d4937864e2_cuenteme;cuénteme
ef87e260b09916c1a50427a391c995d4937864e2_nesesito;necesito
ef87e260b09916c1a50427a391c995d4937864e2_empieso;empiezo
ef87e260b09916c1a50427a391c995d4937864e2_httpwwwgrupobancolombiacompersonal;empiezo
ef87e260b09916c1a50427a391c995d4937864e2_crhome;crome
d0488d93dec55ce262b830ebf92aaca055869295_efectual;efectuar
d0488d93dec55ce262b830ebf92aaca055869295_respectiv;respectiva
d0488d93dec55ce262b830ebf92aaca055869295_agendamiento;agenda miento
d0488d93dec55ce262b830ebf92aaca055869295_0mtgyn2r66r6trsb;agenda miento
1bcba48571095afc7de4daf802985bb62c117c1e_0mtgyn2r66r6trs8;agenda miento
bc742cbbd4f5da5ac8353e9e84eb49644d60a7b5_aut_banco;atrabanco
27e9560f60c2e1c882ab04f7b1c7c2243ab16978_buanas;buenas
27e9560f60c2e1c882ab04f7b1c7c2243ab16978_#;a
27e9560f60c2e1c882ab04f7b1c7c2243ab16978_espereun;esperen
27e9560f60c2e1c882ab04f7b1c7c2243ab16978_httpwwwgrupobancolombiacomwpsportalpersonasdocumentos-legalesproteccion-datosbancolombia-sa;esperen
27e9560f60c2e1c882ab04f7b1c7c2243ab16978_1minuto;minuto
5c51c006b417fa11086b44ede7b1abf43e0f79bd_adqurí;adquirí
5c51c006b417fa11086b44ede7b1abf43e0f79bd_aut_banco;atrabanco
b256014898300da0f19bb97c122e387a3bbb52dc_aliexpress;represalia
b256014898300da0f19bb97c122e387a3bbb52dc_e-prepgo;e-prepongo
e1798acac849baed4682f2310f0b2708bd50a679_crediagil;credibilidad
e1798acac849baed4682f2310f0b2708bd50a679_tomaro;tomar
e1798acac849baed4682f2310f0b2708bd50a679_crediágil;credibilidad
e1798acac849baed4682f2310f0b2708bd50a679_dani_rua_;dardanio
e1798acac849baed4682f2310f0b2708bd50a679_eml_40326e1dd0b3a4494b8b6db246490e52f00d2cf0;dardanio
89fe25eaf9d9a9ea9b91177cc8df4f1af29881d2_usuatio;usurario
89fe25eaf9d9a9ea9b91177cc8df4f1af29881d2_espliq;esplique
89fe25eaf9d9a9ea9b91177cc8df4f1af29881d2_wwwgrupobancolombiacom;bancolombia
009460482e86c921656af16dcb5363e4323c4320_ningúno;ninguno
009460482e86c921656af16dcb5363e4323c4320_accrso;acceso
009460482e86c921656af16dcb5363e4323c4320_atrace;atarace
fdd67ef7147ad9d471766086d1c2ed8ad6ba3b9a_srese;serse
fdd67ef7147ad9d471766086d1c2ed8ad6ba3b9a_agendamiento;agenda miento
fdd67ef7147ad9d471766086d1c2ed8ad6ba3b9a_0mtgyn2r66r6tr12;agenda miento
eae827ed919760dfd3924d6916f21f046bc74e88_telefónica};telefónica
eae827ed919760dfd3924d6916f21f046bc74e88_permitame;permita me
eae827ed919760dfd3924d6916f21f046bc74e88_pereirq;pereira
9539da56b1a8a54fe80565ae350745814d5db423_wwwgrupobancolombiacom;bancolombia
555890e5fba2abfbcd45f96edd78b666b90d7a36_lifemiles;femeniles
555890e5fba2abfbcd45f96edd78b666b90d7a36_4´500000;femeniles
555890e5fba2abfbcd45f96edd78b666b90d7a36_permitame;permita me
1ae7172976b7f9e297428d4a099a1dc83524f34a_xq;xi
1ae7172976b7f9e297428d4a099a1dc83524f34a_aut_banco;atrabanco
1ae7172976b7f9e297428d4a099a1dc83524f34a_$$;atrabanco
575593cc7ee822a5383e56fa83aed13c84c2a938_permitame;permita me
2ce58ea0fcdeb45df417b321f5c1aab5ee62bd2d_e-prepago;e-preparo
2ce58ea0fcdeb45df417b321f5c1aab5ee62bd2d_posbile;posible
2ce58ea0fcdeb45df417b321f5c1aab5ee62bd2d_whastapp;apasta
2ce58ea0fcdeb45df417b321f5c1aab5ee62bd2d_wwwgrupobancolombiacom;bancolombia
2ce58ea0fcdeb45df417b321f5c1aab5ee62bd2d_seguda;seguida
2ce58ea0fcdeb45df417b321f5c1aab5ee62bd2d_autenticarle;autenticare
5734a75d44d4afc27d8e9d488407ceacaf1ef37a_tratebb;tratable
5734a75d44d4afc27d8e9d488407ceacaf1ef37a_activida;actividad
5734a75d44d4afc27d8e9d488407ceacaf1ef37a_mmmmmn;actividad
5734a75d44d4afc27d8e9d488407ceacaf1ef37a_cursoña;curso ña
5734a75d44d4afc27d8e9d488407ceacaf1ef37a_aut_banco;atrabanco
695e8d957f232a8f598ce6cb77c75b7ec9fd39f3_paraa;para
13d8fd65cc66cdfc4246914981d49f503b82c948_monviento;viento
13d8fd65cc66cdfc4246914981d49f503b82c948_aperecd;perecead
13d8fd65cc66cdfc4246914981d49f503b82c948_permitame;permita me
13d8fd65cc66cdfc4246914981d49f503b82c948_paguenen;pague nen
13d8fd65cc66cdfc4246914981d49f503b82c948_preocula;preocupa
13d8fd65cc66cdfc4246914981d49f503b82c948_seguifo;seguido
13d8fd65cc66cdfc4246914981d49f503b82c948_aut_banco;atrabanco
13d8fd65cc66cdfc4246914981d49f503b82c948_httpwwwgrupobancolombiacomwpsportalpersonasnecesidadescolombianos-exteriordejanos-llamarte;atrabanco
13d8fd65cc66cdfc4246914981d49f503b82c948_httpwwwgrupobancolombiacomwpsportalpersonasnecesidadescolombianos-exterior;atrabanco
13d8fd65cc66cdfc4246914981d49f503b82c948_httpsasistenciawebv2alluscomcowebapi802clicktocallbancolombiacolombianosclicktocallcustomerjsp&sitio=aunclic&_ga=1;atrabanco
a94fb8df9691bdcd5b80dc3de60b3883968ad5cb_aut_banco;atrabanco
a94fb8df9691bdcd5b80dc3de60b3883968ad5cb_valideme;valide me
a94fb8df9691bdcd5b80dc3de60b3883968ad5cb_validarle;validare
a94fb8df9691bdcd5b80dc3de60b3883968ad5cb_-;a
a94fb8df9691bdcd5b80dc3de60b3883968ad5cb_eñ;en
a94fb8df9691bdcd5b80dc3de60b3883968ad5cb_resiba;resoba
a94fb8df9691bdcd5b80dc3de60b3883968ad5cb_httpwwwgrupobancolombiacomwpsportalpersonasdejanos-llamarte;resoba
a94fb8df9691bdcd5b80dc3de60b3883968ad5cb_graciaa;gracia
69f35a62115ce90abb951ed1d12747e1bdb58e0e_wwwgrupobancolombiacom;bancolombia
761933137cdabafcd21515d237a64820d86ed778_permitame;permita me
a4499b2a429a24b5ab5e77da36d18cc51e33ae16_facturanet;facturan et
a4499b2a429a24b5ab5e77da36d18cc51e33ae16_bancamóvil;banca móvil
a4499b2a429a24b5ab5e77da36d18cc51e33ae16_engas;enzas
a2e0027a09ab122a44178c7e5e792d6a5a47ad7f_valdiar;validar
a2e0027a09ab122a44178c7e5e792d6a5a47ad7f_losto;listo
378453d3c999be6e3034b31ae3c8b067922e3b08_bieny;bien
378453d3c999be6e3034b31ae3c8b067922e3b08_carateriticas;características
378453d3c999be6e3034b31ae3c8b067922e3b08_pind;pin d
378453d3c999be6e3034b31ae3c8b067922e3b08_-;a
378453d3c999be6e3034b31ae3c8b067922e3b08_100%;pin d
378453d3c999be6e3034b31ae3c8b067922e3b08_pre-rut;pare-rut
378453d3c999be6e3034b31ae3c8b067922e3b08_f-622;fa-622
378453d3c999be6e3034b31ae3c8b067922e3b08_150%;pare-rut
933d297362e64bc54c5849027487624b0dbe7571_aut_banco;atrabanco
933d297362e64bc54c5849027487624b0dbe7571_permitame;permita me
933d297362e64bc54c5849027487624b0dbe7571_can_banco;cariblanco
8cabec74ed68433b1b90b7eeeb01f2a1aca29939_aut_banco;atrabanco
8cabec74ed68433b1b90b7eeeb01f2a1aca29939_httpwwwgrupobancolombiacomwpsportalpersonasdocumentos-legalesproteccion-datosbancolombia-sa;atrabanco
8cabec74ed68433b1b90b7eeeb01f2a1aca29939_agendamiento;agenda miento
8cabec74ed68433b1b90b7eeeb01f2a1aca29939_0mtgyn2r66r6tr6v;agenda miento
442cff5dffb40757b9d0946745e21689e63f19c9_lifemiles;femeniles
1c3e0ecf6abd36a933b8c919e341042355db0cb7_lifemiles;femeniles
1c3e0ecf6abd36a933b8c919e341042355db0cb7_micropyme;microfilme
1c3e0ecf6abd36a933b8c919e341042355db0cb7_computadlr;computador
4f86620df36bf62dc89157539b6fc7d6590a8725_automatico;automático
4f86620df36bf62dc89157539b6fc7d6590a8725_omportancia;cartomancia
4f86620df36bf62dc89157539b6fc7d6590a8725_pwro;pero
51b1554229231aefe144b34fa892633c63cebe69_enregó;enrugó
51b1554229231aefe144b34fa892633c63cebe69_+;a
51b1554229231aefe144b34fa892633c63cebe69_whata;chata
51b1554229231aefe144b34fa892633c63cebe69_what´s;a
51b1554229231aefe144b34fa892633c63cebe69_+52;a
51b1554229231aefe144b34fa892633c63cebe69_contactadoa;contactados
51b1554229231aefe144b34fa892633c63cebe69_informadoa;informados
51b1554229231aefe144b34fa892633c63cebe69_httpwwwgrupobancolombiacomwpsportalpersonasdocumentos-legalesproteccion-datosbancolombia-sa;informados
a8eab788003e9aa3d72d69422d57b088b89284a3_aut_banco;atrabanco
a8eab788003e9aa3d72d69422d57b088b89284a3_jmmm;atrabanco
a8eab788003e9aa3d72d69422d57b088b89284a3_wwwgrupobancolombiacom;bancolombia
a3752470a50b9f0696981889f675d61699640758_onformación;formación
a3752470a50b9f0696981889f675d61699640758_lacuenta;la cuenta
a3752470a50b9f0696981889f675d61699640758_peroclsro;percocero
e29671d46153171d001218caa48fa3a12c975ba6_=;a
e29671d46153171d001218caa48fa3a12c975ba6_agendamiento;agenda miento
e29671d46153171d001218caa48fa3a12c975ba6_0mtgyn2r66r6tqyg;agenda miento
e29671d46153171d001218caa48fa3a12c975ba6_llmada;llamada
f99a6910951f97db3d6c10cd899fffdeea3791ad_ubate;ubaté
f99a6910951f97db3d6c10cd899fffdeea3791ad_indiqueme;indique me
f99a6910951f97db3d6c10cd899fffdeea3791ad_#;a
f99a6910951f97db3d6c10cd899fffdeea3791ad_-;a
f99a6910951f97db3d6c10cd899fffdeea3791ad_padrilla;landrilla
57835ce8918412ed0d1426b3a388def7335adbf2__;a
7d5030dd575fa8d53c2afe9c1e2d0e3e14f1f501_seguriada;seguridad
7d5030dd575fa8d53c2afe9c1e2d0e3e14f1f501_angelamil;angela
7d5030dd575fa8d53c2afe9c1e2d0e3e14f1f501_graciasdejacomo;socialdemocracia
7d5030dd575fa8d53c2afe9c1e2d0e3e14f1f501_wwwgrupobancolombiacom;bancolombia
ef503d22488f1f7251bc918d85b19caf0e0580a1_-;a
747477627ed7e594bf5cbf3982ed83e21f15f12b_n°;ne
747477627ed7e594bf5cbf3982ed83e21f15f12b_-;a
747477627ed7e594bf5cbf3982ed83e21f15f12b_150%;a
4469af30aba7f798a2d4dc41b316a9d15f6afe38_multifucional;multinacional
4469af30aba7f798a2d4dc41b316a9d15f6afe38_tremite;tramite
93bdf376d33ff3d034ddafb241c06c12ced6c798_salfo;solfa
93bdf376d33ff3d034ddafb241c06c12ced6c798_aut_banco;atrabanco
93bdf376d33ff3d034ddafb241c06c12ced6c798_compretar;comprometer
93bdf376d33ff3d034ddafb241c06c12ced6c798_transaccion;transacción
93bdf376d33ff3d034ddafb241c06c12ced6c798_comuniquese;comuníquese
93bdf376d33ff3d034ddafb241c06c12ced6c798_}d;d
3f6310572149d7e707b771ce8b5578b56e763220_quye;que
3f6310572149d7e707b771ce8b5578b56e763220_cotomo;tomo
3f6310572149d7e707b771ce8b5578b56e763220_colavorarme;colarme
3f6310572149d7e707b771ce8b5578b56e763220_{p;pp
8cf9e10adcb686e9f4e5dcd80abcea035891690e_aut_banco;atrabanco
8cf9e10adcb686e9f4e5dcd80abcea035891690e_dijieron;dijeron
8cf9e10adcb686e9f4e5dcd80abcea035891690e_digiri;digirió
8cf9e10adcb686e9f4e5dcd80abcea035891690e_bloquedad;bloquead
8cf9e10adcb686e9f4e5dcd80abcea035891690e_150%;bloquead
24f98797ab7c5d1f8eb479e35d489cf5349088de_httpwwwgrupobancolombiacomwpsportalpersonas;bloquead
29881f19636d5c015aee3df80fc508731fb2c92d_aut_banco;atrabanco
29881f19636d5c015aee3df80fc508731fb2c92d_m527@hotmailcom;atrabanco
3d34572ee88a2e7f2f570235f9f7df72b098b898_calderontorres@hotmailcom;atrabanco
3d34572ee88a2e7f2f570235f9f7df72b098b898_150%;atrabanco
3d34572ee88a2e7f2f570235f9f7df72b098b898_entendi;entendí
3f3bcbbb5118f90420c701d20c2c56af6db4b958_habrir;jabrir
3f3bcbbb5118f90420c701d20c2c56af6db4b958_solob;sol ob
3f3bcbbb5118f90420c701d20c2c56af6db4b958_permitame;permita me
193d7e00c0c93cb585f23266f07b9d22f0ce72df_tarjerta;tarjeta
193d7e00c0c93cb585f23266f07b9d22f0ce72df_entregarmen;entregarme
193d7e00c0c93cb585f23266f07b9d22f0ce72df_aparasoa;asolapara
193d7e00c0c93cb585f23266f07b9d22f0ce72df_epor;e por
193d7e00c0c93cb585f23266f07b9d22f0ce72df_cajeroo;cajero
193d7e00c0c93cb585f23266f07b9d22f0ce72df_trajeta;tarjeta
193d7e00c0c93cb585f23266f07b9d22f0ce72df_conl;con
193d7e00c0c93cb585f23266f07b9d22f0ce72df_100%;pueden
193d7e00c0c93cb585f23266f07b9d22f0ce72df_puedne;pueden
193d7e00c0c93cb585f23266f07b9d22f0ce72df_aok;aoja
193d7e00c0c93cb585f23266f07b9d22f0ce72df_cobrn;cobran
193d7e00c0c93cb585f23266f07b9d22f0ce72df_httpwwwgrupobancolombiacomwpsportalpersonasdocumentos-legalesproteccion-datosbancolombia-sa;cobran
193d7e00c0c93cb585f23266f07b9d22f0ce72df_agendamiento;agenda miento
193d7e00c0c93cb585f23266f07b9d22f0ce72df_0mtgyn2r66r6tr3y;agenda miento
5dda624dc3fe2f3db726659edca5894b4128e74c_buenossias;buenísimas
5dda624dc3fe2f3db726659edca5894b4128e74c_quientero;quintero
5dda624dc3fe2f3db726659edca5894b4128e74c_porpreguntar;por preguntar
5dda624dc3fe2f3db726659edca5894b4128e74c_entoncesespero;entonces espero
5dda624dc3fe2f3db726659edca5894b4128e74c_newrochelle;perchelero
5dda624dc3fe2f3db726659edca5894b4128e74c_httpwwwgrupobancolombiacomwpsportalpersonasdocumentos-legalesproteccion-datosbancolombia-sa;perchelero
5dda624dc3fe2f3db726659edca5894b4128e74c_nesexito;necesito
5dda624dc3fe2f3db726659edca5894b4128e74c_irgente;ir gente
5dda624dc3fe2f3db726659edca5894b4128e74c_dereparacion;decepcionar
5dda624dc3fe2f3db726659edca5894b4128e74c_nesexitanpara;capitaneara
5dda624dc3fe2f3db726659edca5894b4128e74c_tenerlosñistos;tenedorcillos
d1021686d03e9101181dbe7b3f90b5b1bfedaf65_mnsajero;mensajero
181644d3c03c1fc76b32004de05cbd22d08b7123_agendamiento;agenda miento
181644d3c03c1fc76b32004de05cbd22d08b7123_0mtgyn2r66r6tr5s;agenda miento
a005400e25ea2404a78b9d8a4bec3c802b571839_colpensiones;col pensiones
91384768fbed8b61eb8567668ed7ac754d268ca1_atrazarme;atracarme
91384768fbed8b61eb8567668ed7ac754d268ca1_debiten;debuten
91384768fbed8b61eb8567668ed7ac754d268ca1_permitame;permita me
367f5c5f625f2c255052c6e2000402cb149e1893_httpwwwgrupobancolombiacomwpsportalpersonas;permita me
367f5c5f625f2c255052c6e2000402cb149e1893_osion;os ion
367f5c5f625f2c255052c6e2000402cb149e1893_usario;usuario
367f5c5f625f2c255052c6e2000402cb149e1893_meslee;mes lee
367f5c5f625f2c255052c6e2000402cb149e1893_pidria;pieria
560041e03b1255b38c60e307d7612845ce579416_graciad;graciada
560041e03b1255b38c60e307d7612845ce579416_camilodiaz@hotmailcom;graciada
560041e03b1255b38c60e307d7612845ce579416_e-mail;e-mal
236d3d6a83009ed037c3ea79c11b01b753d295cd_};a
236d3d6a83009ed037c3ea79c11b01b753d295cd_whatsapp;a
11e4392c7db54880bde1a69e578b389548a1bf3f_agendame;agendare
11e4392c7db54880bde1a69e578b389548a1bf3f_httpwwwgrupobancolombiacomwpsportalpersonasdocumentos-legalesproteccion-datosbancolombia-sa;agendare
11e4392c7db54880bde1a69e578b389548a1bf3f_permitame;permita me
11e4392c7db54880bde1a69e578b389548a1bf3f_calro;claro
11e4392c7db54880bde1a69e578b389548a1bf3f_eml_dffbac16a27851beb7816d4aae732972d9c1b605;claro
11e4392c7db54880bde1a69e578b389548a1bf3f_sur#;sur
11e4392c7db54880bde1a69e578b389548a1bf3f_e-mail;e-mal
11e4392c7db54880bde1a69e578b389548a1bf3f_solicitud0mtgyn2r66r6tr8a;solicitud
11e4392c7db54880bde1a69e578b389548a1bf3f_alejadnro;alejad nro
11e4392c7db54880bde1a69e578b389548a1bf3f_$1650;alejad nro
0b472e467d62420aa4581ea50246d0531c17d10a_acesor;asesor
0b472e467d62420aa4581ea50246d0531c17d10a_llegarian;llegarían
0b472e467d62420aa4581ea50246d0531c17d10a_preocpa;preocupa
0b472e467d62420aa4581ea50246d0531c17d10a_aut_banco;atrabanco
0b472e467d62420aa4581ea50246d0531c17d10a_permitame;permita me
0b472e467d62420aa4581ea50246d0531c17d10a_hayuelos;hoyuelas
0b472e467d62420aa4581ea50246d0531c17d10a_transaccion;transacción
0b472e467d62420aa4581ea50246d0531c17d10a_httpwwwgrupobancolombiacomwpsportalpersonasdocumentos-legalesproteccion-datosbancolombia-sa;transacción
5e42cbe42e1f2882a7624340c332542135311b0c_igreso;ingreso
5e42cbe42e1f2882a7624340c332542135311b0c_eml_5991278c594955a36e45bc67b3df95781f07ca60;ingreso
dda9ed1b878ecb73d73df517247032b56fcef3af_celuda;celda
dda9ed1b878ecb73d73df517247032b56fcef3af_wwwgrupobancolombiacom;bancolombia
dda9ed1b878ecb73d73df517247032b56fcef3af_aut_banco;atrabanco
dda9ed1b878ecb73d73df517247032b56fcef3af_descárgate;descargarte
8e10374668d8a822228021c160b6e70c27f2eb7f_permitame;permita me
8e10374668d8a822228021c160b6e70c27f2eb7f_gracuas;gracias
8e10374668d8a822228021c160b6e70c27f2eb7f_e-prepago;e-preparo
8e10374668d8a822228021c160b6e70c27f2eb7f_indiqueme;indique me
8e10374668d8a822228021c160b6e70c27f2eb7f_+;a
8e10374668d8a822228021c160b6e70c27f2eb7f_agendamiento;agenda miento
8e10374668d8a822228021c160b6e70c27f2eb7f_0mtgyn2r66r6tr94;agenda miento
93fa842b02408ec5e6f2152c503d867305e8c16e_autorize;autoriza
93fa842b02408ec5e6f2152c503d867305e8c16e_agendame;agendare
93fa842b02408ec5e6f2152c503d867305e8c16e_permitame;permita me
62378785cdd78db784531d367f8f5b0c0476a266_linkhttpwwwgrupobancolombiacomwpsportalpersonasdocumentos-legalesproteccion-datosbancolombia-sa;permita me
39c20a222db8d82b74d99b3a525ebd6b3539e25c_wwwgrupobancolombiacomco;bancolombia
be0fa4ca962e4a8fee0ffd6892311bea6bcb45c1_aperturo;apertura
be0fa4ca962e4a8fee0ffd6892311bea6bcb45c1_n°;ne
be0fa4ca962e4a8fee0ffd6892311bea6bcb45c1_-;a
f376f1b01fee50bb52f2977f16a7a1020adaf496_150%;a
942a4fb95d29435b4e6fdad5cf2693bec85f7ed5_muchisimas;muchísimas
cf8accd595f0898ec2b9147ad89205daa1299266_feloz;feliz
8a511cc0e5f1b1f2077c2fd172928d5dc104fb60_dijite;di jite
8f59994a6cf2a3833fdde5a1051313787375ac59_confirmn;confirman
8f59994a6cf2a3833fdde5a1051313787375ac59_hehco;hecho
8f59994a6cf2a3833fdde5a1051313787375ac59_posiblke;posible
8f59994a6cf2a3833fdde5a1051313787375ac59_httpwwwgrupobancolombiacomwpsportalpersonasdocumentos-legalesproteccion-datosbancolombia-sa;posible
f70b4cbba5f2ad2924bc197e823014398c193d72_netflix;molinete
f70b4cbba5f2ad2924bc197e823014398c193d72_e-prepago;e-preparo
f70b4cbba5f2ad2924bc197e823014398c193d72_aut_banco;atrabanco
f70b4cbba5f2ad2924bc197e823014398c193d72_permitame;permita me
f60f5675311e5cc18530925f2a572d07741e78ca_permitame;permita me
f60f5675311e5cc18530925f2a572d07741e78ca_httpwwwgrupobancolombiacomwpsportalpersonasdocumentos-legalesproteccion-datosbancolombia-sa;permita me
f60f5675311e5cc18530925f2a572d07741e78ca_realízarle;realzare
acec87b18b33b6d825e872cd1cc217751b6da9cf_akila;asila
acec87b18b33b6d825e872cd1cc217751b6da9cf_nowelly;sewell
acec87b18b33b6d825e872cd1cc217751b6da9cf_qiuedo;quedo
acec87b18b33b6d825e872cd1cc217751b6da9cf_permitame;permita me
b45081ec76d576a8d9468735126f154bc6c4a852_tardesmuy;tardes muy
b45081ec76d576a8d9468735126f154bc6c4a852_wwwgrupobancolombiacomco;bancolombia
b45081ec76d576a8d9468735126f154bc6c4a852_aut_banco;atrabanco
b45081ec76d576a8d9468735126f154bc6c4a852_opccio;opcional
b45081ec76d576a8d9468735126f154bc6c4a852_httpssucursalpersonastransaccionesbancolombiacommuauser#no-back-button;opcional
320d77f8d25a233a6bed170eea38077d5377adda_tardesquisiera;tardes quisiera
320d77f8d25a233a6bed170eea38077d5377adda_crediagil;credibilidad
320d77f8d25a233a6bed170eea38077d5377adda_validarle;validare
320d77f8d25a233a6bed170eea38077d5377adda_-;a
320d77f8d25a233a6bed170eea38077d5377adda_httpwwwgrupobancolombiacomwpsportalpersonasdejanos-llamarte;a
4273a9dc48f3b0d78304877b763a00cf3bd752d6_descámbiar;descambiar
4273a9dc48f3b0d78304877b763a00cf3bd752d6_permitame;permita me
4273a9dc48f3b0d78304877b763a00cf3bd752d6_girono;girino
4273a9dc48f3b0d78304877b763a00cf3bd752d6_-;a
4273a9dc48f3b0d78304877b763a00cf3bd752d6_n°;ne
7727a811642605407c3638d2139777a32097c61f_httpwwwgrupobancolombiacomwpsportalpersonasdocumentos-legalesproteccion-datosbancolombia-sa;permita me
7727a811642605407c3638d2139777a32097c61f_permitame;permita me
7727a811642605407c3638d2139777a32097c61f_httpwwwgrupobancolombiacomwpsportalpersonasdejanos-llamarte;permita me
62e3e78edd7ab21cb8060c5e66caba7bb6cb7b94_aut_banco;atrabanco
62e3e78edd7ab21cb8060c5e66caba7bb6cb7b94_exclente;excelente
62e3e78edd7ab21cb8060c5e66caba7bb6cb7b94_fernando@misenaeduco;fernando
62e3e78edd7ab21cb8060c5e66caba7bb6cb7b94_permitame;permita me
46076c1d0883d1b9b97f2fa2e7de262dbc08324c_permitame;permita me
5bd6919cb5a42b1e7a0a46f82255abf7038268c1_permitame;permita me
5d7629e1ba1d5fd81cad97908165c5599dc62b91_ingrdi;gardingo
5d7629e1ba1d5fd81cad97908165c5599dc62b91_aut_banco;atrabanco
5d7629e1ba1d5fd81cad97908165c5599dc62b91_permitame;permita me
5d7629e1ba1d5fd81cad97908165c5599dc62b91_cll19;permita me
5d7629e1ba1d5fd81cad97908165c5599dc62b91_tavista;ta vista
5d7629e1ba1d5fd81cad97908165c5599dc62b91_solitar;soltar
442935efc78c035939e0aa407c43e52aec832ea3_aut_banco;atrabanco
442935efc78c035939e0aa407c43e52aec832ea3_siatema;matasiete
a021484891257c27cdae251c22df3c97b06032c1_comincarme;comunicarme
a021484891257c27cdae251c22df3c97b06032c1_actiarla;actuarla
a021484891257c27cdae251c22df3c97b06032c1_-;a
a021484891257c27cdae251c22df3c97b06032c1_httpwwwgrupobancolombiacomwpsportalpersonasdejanos-llamarte;a
a021484891257c27cdae251c22df3c97b06032c1_clicl;lic
ab09edf9cf535370b3c0a101602d968d9a307641_estannusando;estantalando
ab09edf9cf535370b3c0a101602d968d9a307641_indiqueme;indique me
ab09edf9cf535370b3c0a101602d968d9a307641_httpmixteioddwixsitecomsilvertecno;indique me
ab09edf9cf535370b3c0a101602d968d9a307641_olx;ola
3ada04122d081f7eb546d29d7b3062950f2bd5bc_permitame;permita me
3ada04122d081f7eb546d29d7b3062950f2bd5bc_150%;permita me
48283a3aceae19015221f984bc89eea675c6d61a_presentees;presentes
48283a3aceae19015221f984bc89eea675c6d61a_agradeceríapero;agradecería pero
48283a3aceae19015221f984bc89eea675c6d61a_httpwwwgrupobancolombiacomwpsportalpersonasdocumentos-legalesproteccion-datosbancolombia-sa;agradecería pero
97b0e6381a31c95bed00c971cf0172f6109217d6_asesosar;ase sosar
97b0e6381a31c95bed00c971cf0172f6109217d6_httpwwwgrupobancolombiacomwpsportalpersonasdocumentos-legalesproteccion-datosbancolombia-sa;ase sosar
97b0e6381a31c95bed00c971cf0172f6109217d6_agendamiento;agenda miento
97b0e6381a31c95bed00c971cf0172f6109217d6_0mtgyn2r66r6trcg;agenda miento
00e2b1f4aa94c5fc20d76686ac5caf9fde533372_cuenteme;cuénteme
00e2b1f4aa94c5fc20d76686ac5caf9fde533372_correto;correteo
066f4f2075b6dc8a448cc4dc4b9d31da85a05d20_permitame;permita me
066f4f2075b6dc8a448cc4dc4b9d31da85a05d20_httpwwwgrupobancolombiacomwpsportalpersonasdocumentos-legalesproteccion-datosbancolombia-sa;permita me
066f4f2075b6dc8a448cc4dc4b9d31da85a05d20_generarsela;generarse la
066f4f2075b6dc8a448cc4dc4b9d31da85a05d20_agendamiento;agenda miento
066f4f2075b6dc8a448cc4dc4b9d31da85a05d20_0mtgyn2r66r6trdm;agenda miento
5db2b4100cacc57c23f864100aa5c68aa3a4a2d6_ustdes;sudestes
5db2b4100cacc57c23f864100aa5c68aa3a4a2d6_sucusal;causal
5db2b4100cacc57c23f864100aa5c68aa3a4a2d6_aut_banco;atrabanco
5db2b4100cacc57c23f864100aa5c68aa3a4a2d6_permitame;permita me
5db2b4100cacc57c23f864100aa5c68aa3a4a2d6_eml_9cd3808920b88e512aa51c5cb710e62cf56dff5f;permita me
5db2b4100cacc57c23f864100aa5c68aa3a4a2d6_nomica;no mica
5db2b4100cacc57c23f864100aa5c68aa3a4a2d6_fturo;futuro
b270984752c42f71339cf371b3f8efcc122e663f_cirrusmastercard;estercar
4ac2bb8ff585eb618793309f051accd9864a728e_sinyonpago;sinagoga
d9ca83d5607288ed4e2a0de4aaf29792145f38f3_digitacion;digitalina
d9ca83d5607288ed4e2a0de4aaf29792145f38f3_regaleme;regale me
d9ca83d5607288ed4e2a0de4aaf29792145f38f3_datacredito;acreditativo
d9ca83d5607288ed4e2a0de4aaf29792145f38f3_conustedes;con ustedes
2dc3763148bbb5c87fcfa72b9e8692df7d93e9ca_permitame;permita me
2dc3763148bbb5c87fcfa72b9e8692df7d93e9ca_megamall;alegama
2dc3763148bbb5c87fcfa72b9e8692df7d93e9ca_8am;ama
2dc3763148bbb5c87fcfa72b9e8692df7d93e9ca_5pm;ama
2dc3763148bbb5c87fcfa72b9e8692df7d93e9ca_7pm;ama
2dc3763148bbb5c87fcfa72b9e8692df7d93e9ca_9am;ama
2dc3763148bbb5c87fcfa72b9e8692df7d93e9ca_1pm;ama
a1d8df305d81a30b0b71df08ff70cfcdb60481b3_sucuraak;sucursal
a1d8df305d81a30b0b71df08ff70cfcdb60481b3_cuebta;cubeta
a1d8df305d81a30b0b71df08ff70cfcdb60481b3_myy;muy
a1d8df305d81a30b0b71df08ff70cfcdb60481b3_virtuak;virtual
a0311e82f340feeb29dc057a33ead80a8ec20498_tardesbien;tardes bien
a0311e82f340feeb29dc057a33ead80a8ec20498_hagame;hágame
a0311e82f340feeb29dc057a33ead80a8ec20498_nadaquiero;nada quiero
a0311e82f340feeb29dc057a33ead80a8ec20498_teléfonoy;teléfono
f9fe92d01718238957b8f66535c8a172236f24e7_{s;ss
f9fe92d01718238957b8f66535c8a172236f24e7_jjaja;aja
f9fe92d01718238957b8f66535c8a172236f24e7_asignarsela;asignársela
f629b0fa173d0b354e5473db3c8b09c29654a928_aut_banco;atrabanco
f629b0fa173d0b354e5473db3c8b09c29654a928_permitame;permita me
e22fe9ad0116bb2fe6c1a23cd7c180bfeea3b5a3_enbogota;bogotana
e22fe9ad0116bb2fe6c1a23cd7c180bfeea3b5a3_n°;ne
e22fe9ad0116bb2fe6c1a23cd7c180bfeea3b5a3_-;a
4d33e8c1f8665559792934ea5874cd39511252db_0mtgyn2r66r6tred;a
4d33e8c1f8665559792934ea5874cd39511252db_muchisimas;muchísimas
8ec36dc0ebfe622e6b03b2e52e14176f88883915_wwwgrupobancolombiacom;bancolombia
47ff05d4c0c523953377b677f80e9cc1d6203a0e_obcion;sicionio
47ff05d4c0c523953377b677f80e9cc1d6203a0e_e-prepago;e-preparo
62f08c91e5049a60747b4c9ec7200fbe0570d297_nesesito;necesito
62f08c91e5049a60747b4c9ec7200fbe0570d297_fotma;fotograma
62f08c91e5049a60747b4c9ec7200fbe0570d297_httpwwwgrupobancolombiacomwpsportalpersonasdejanos-llamarte;fotograma
62f08c91e5049a60747b4c9ec7200fbe0570d297_-;a
735a17e089ae1f1acd6ef0239cb8493aaf8abcd1_permitame;permita me
8ec342fc88cf1b38b9466d8de339ef6f4d64e1fc_podrias;podrías
01b474cf36d4aa6ece3dc639940e5f31fd75660e_150%;podrías
01b474cf36d4aa6ece3dc639940e5f31fd75660e_trasnmilenio;traspasamiento
01b474cf36d4aa6ece3dc639940e5f31fd75660e_9am;ama
01b474cf36d4aa6ece3dc639940e5f31fd75660e_4pm;ama
01b474cf36d4aa6ece3dc639940e5f31fd75660e_gsuto;gusto
3cd63cca11a7a0e77679e2277d7c3053f8c6c251_aut_banco;atrabanco
b7fa036895d7dbfa4477990a6ef7ec1ec6ff0a89_4x1000;atrabanco
b7fa036895d7dbfa4477990a6ef7ec1ec6ff0a89_-;a
b7fa036895d7dbfa4477990a6ef7ec1ec6ff0a89_1-15mins;1-insemina
b7fa036895d7dbfa4477990a6ef7ec1ec6ff0a89_httpwwwgrupobancolombiacomwpsportalpersonasdejanos-llamarte;1-insemina
0c580964896c1844942c380c687f2849f76b37e6_aut_banco;atrabanco
0c580964896c1844942c380c687f2849f76b37e6_permitame;permita me
3aafa2b3c479ca5c2906551113e542de762a9bb5_wwwgrupobancolombiacom;bancolombia
6d16e73ff573a40a3e2628b77f8ed9e1c8f40315_transciones;transiciones
6d16e73ff573a40a3e2628b77f8ed9e1c8f40315_150%;transiciones
6d16e73ff573a40a3e2628b77f8ed9e1c8f40315_pediria;pediría
6d16e73ff573a40a3e2628b77f8ed9e1c8f40315_direcciono;direccional
6d16e73ff573a40a3e2628b77f8ed9e1c8f40315_cienaga;ciénaga
6d16e73ff573a40a3e2628b77f8ed9e1c8f40315_#;a
6d16e73ff573a40a3e2628b77f8ed9e1c8f40315_8am;ama
6d16e73ff573a40a3e2628b77f8ed9e1c8f40315_1130am;ama
6d16e73ff573a40a3e2628b77f8ed9e1c8f40315_2pm;ama
6d16e73ff573a40a3e2628b77f8ed9e1c8f40315_430pm;ama
6d16e73ff573a40a3e2628b77f8ed9e1c8f40315_luegop;luego
6d16e73ff573a40a3e2628b77f8ed9e1c8f40315_cuparme;chuparme
6d16e73ff573a40a3e2628b77f8ed9e1c8f40315_5pm;ama
6d16e73ff573a40a3e2628b77f8ed9e1c8f40315_18pm;ama
6d16e73ff573a40a3e2628b77f8ed9e1c8f40315_12pm;ama
8941463d54d4e359640973b5db8c807b0438940a_vuanto;cuanto
8941463d54d4e359640973b5db8c807b0438940a_regaleme;regale me
68bbca7dbacb0364b44b18253a06a9b87a12b714_códito;código
68bbca7dbacb0364b44b18253a06a9b87a12b714_prugunto;pregunto
68bbca7dbacb0364b44b18253a06a9b87a12b714_remesadora;remes adora
68bbca7dbacb0364b44b18253a06a9b87a12b714_eperar;peragrar
68bbca7dbacb0364b44b18253a06a9b87a12b714_ouede;puede
68bbca7dbacb0364b44b18253a06a9b87a12b714_verificacio;verificación
68bbca7dbacb0364b44b18253a06a9b87a12b714_okbgr;okupar
893b740183134cfbcefd05af132674f4e613f8d1_aut_banco;atrabanco
893b740183134cfbcefd05af132674f4e613f8d1_dijite;di jite
770384b6c066a363b400c4fc9853ff29ed951110_iphone;perchone
770384b6c066a363b400c4fc9853ff29ed951110_aut_banco;atrabanco
770384b6c066a363b400c4fc9853ff29ed951110_eml_f2c7bf14588d3fdce01db8485d6b6ce9d60e9af1;atrabanco
61cac3fc36edc2eaedad3b941a45f0616476436f_aut_banco;atrabanco
28da377d16ebc9d888fd114d9aa0b8b314d2c957_30millones;empilones
28da377d16ebc9d888fd114d9aa0b8b314d2c957_emepleada;empleada
28da377d16ebc9d888fd114d9aa0b8b314d2c957_permitame;permita me
0eeafa2c005014f2ce081f9ddec268c64658e3a2_e-prepago;e-preparo
0eeafa2c005014f2ce081f9ddec268c64658e3a2_netflix;molinete
0eeafa2c005014f2ce081f9ddec268c64658e3a2_trajeta;tarjeta
0eeafa2c005014f2ce081f9ddec268c64658e3a2_cógidos;cogidos
c52bb49d0069aff21a22439fc6d847c7017b8a84_enviándomelos;enviándome los
c52bb49d0069aff21a22439fc6d847c7017b8a84_aut_banco;atrabanco
c52bb49d0069aff21a22439fc6d847c7017b8a84_%o;o
bff618ecfdf4215c75785e603a45ae14fa56147d_aut_banco;atrabanco
bff618ecfdf4215c75785e603a45ae14fa56147d_secitan;se citan
ce46b7ddea20e97e9bab9d6dcccb6b11e8892557_httpwwwgrupobancolombiacomwpsportalpersonasdocumentos-legalesproteccion-datosbancolombia-sa;se citan
8ad1db94c80e4d3cb769764b61b96854c711bcac_activacion;activación
8ad1db94c80e4d3cb769764b61b96854c711bcac_despyes;despees
8ad1db94c80e4d3cb769764b61b96854c711bcac_aut_banco;atrabanco
2b6d243d475a29bf67b6917fb5e4a19c10dd7203_ocpor;oc por
9e7c9d60afb9176b7c44a05ef9f44a0708ae77fa_4a;a
9e7c9d60afb9176b7c44a05ef9f44a0708ae77fa_#;a
9e7c9d60afb9176b7c44a05ef9f44a0708ae77fa_-;a
5e4f418b55c20d4c1f92805809fe514680b47842_contactadoa;contactados
5e4f418b55c20d4c1f92805809fe514680b47842_informadoa;informados
5e4f418b55c20d4c1f92805809fe514680b47842_httpwwwgrupobancolombiacomwpsportalpersonasdocumentos-legalesproteccion-datosbancolombia-sa;informados
e7ca145717ff230e03c1016ce66fb09d38593ca0_permitame;permita me
e7ca145717ff230e03c1016ce66fb09d38593ca0_domesa;domase
dc5c11c86178fbf23663d579b0a2b0ce620e3792_eldia;elida
dc5c11c86178fbf23663d579b0a2b0ce620e3792_vuernes;viernes
dc5c11c86178fbf23663d579b0a2b0ce620e3792_trajetas;tarjetas
dc5c11c86178fbf23663d579b0a2b0ce620e3792_aut_banco;atrabanco
dc5c11c86178fbf23663d579b0a2b0ce620e3792_permitame;permita me
dc5c11c86178fbf23663d579b0a2b0ce620e3792_okgracias;graciadas
e8d0b26a32da0ead0e87fecdf195e15f03c98ea2_0mtgyn2r66r6trdp;graciadas
81fccfe0b893d53b7430c5427d35f1ed56f5fcf3_cueteme;coquetee
81fccfe0b893d53b7430c5427d35f1ed56f5fcf3_wwwgrupobancolombiacom;bancolombia
81fccfe0b893d53b7430c5427d35f1ed56f5fcf3_regitra;registra
81fccfe0b893d53b7430c5427d35f1ed56f5fcf3_nº;ne
81fccfe0b893d53b7430c5427d35f1ed56f5fcf3_clve;clave
81fccfe0b893d53b7430c5427d35f1ed56f5fcf3_permitame;permita me
81fccfe0b893d53b7430c5427d35f1ed56f5fcf3_telefonicos;telefónicos
73b5004eff0eb7d9534fcb64f68bd932b6962f12_0%;telefónicos
73b5004eff0eb7d9534fcb64f68bd932b6962f12_smmlv;a
73b5004eff0eb7d9534fcb64f68bd932b6962f12_70%;a
73b5004eff0eb7d9534fcb64f68bd932b6962f12_60%;telefónicos
73b5004eff0eb7d9534fcb64f68bd932b6962f12_%;a
73b5004eff0eb7d9534fcb64f68bd932b6962f12_regaleme;regale me
73b5004eff0eb7d9534fcb64f68bd932b6962f12_mensusles;mensuales
73b5004eff0eb7d9534fcb64f68bd932b6962f12_98%;mensuales
54e90734113d71f1a8958b3e63da609fed725ff2_e-prepago;e-preparo
54e90734113d71f1a8958b3e63da609fed725ff2_-;a
54e90734113d71f1a8958b3e63da609fed725ff2_httpwwwgrupobancolombiacomwpsportalpersonasdejanos-llamarte;a
66f6157a73af5c7e6dee21ee63b09d59a0a44a13_tardesmuy;tardes muy
66f6157a73af5c7e6dee21ee63b09d59a0a44a13_800am;tardes muy
66f6157a73af5c7e6dee21ee63b09d59a0a44a13_800pm;tardes muy
66f6157a73af5c7e6dee21ee63b09d59a0a44a13_200pm;tardes muy
d8d54b0fe3cae6645e20ab4e33cf1f73fd23b5ad_e-prepago;e-preparo
d8d54b0fe3cae6645e20ab4e33cf1f73fd23b5ad_tuboleta;tu boleta
b7b9fe37e7ead5aa4c2b8903c54e38cf403a421b_srasra;sra sra
b7b9fe37e7ead5aa4c2b8903c54e38cf403a421b_prestanómina;presta nómina
b7b9fe37e7ead5aa4c2b8903c54e38cf403a421b_desprendiboes;desprendidos
5bbe2d045ee9852802f69bf407b75dd92dd20f0e_podrias;podrías
5bbe2d045ee9852802f69bf407b75dd92dd20f0e_colocobm;colocado
5bbe2d045ee9852802f69bf407b75dd92dd20f0e_colocobmxxx;colocado
5bbe2d045ee9852802f69bf407b75dd92dd20f0e_wwwusatumastercardcom;colocado
5bbe2d045ee9852802f69bf407b75dd92dd20f0e_amartinez1@gmailcom;martinenco
5bbe2d045ee9852802f69bf407b75dd92dd20f0e_okgracias;graciadas
321b4b3da508a0092d52d8bd325d7e5a43c409dc_permitame;permita me
321b4b3da508a0092d52d8bd325d7e5a43c409dc_debitado;debatido
1b2aa5f031e9c0a461584dfae54dc97ec0993f54_indicarmelo;indicarme lo
1b2aa5f031e9c0a461584dfae54dc97ec0993f54_wwwgrupobancolombiacom;bancolombia
dc0cc5094a91714ab9db51cfe94b7fe84c968cef_lifemiles;femeniles
dc0cc5094a91714ab9db51cfe94b7fe84c968cef_permitame;permita me
dc0cc5094a91714ab9db51cfe94b7fe84c968cef_httpwwwgrupobancolombiacomwpsportalpersonasdocumentos-legalesproteccion-datosbancolombia-sa;permita me
dc0cc5094a91714ab9db51cfe94b7fe84c968cef_graciass;gracias
dc0cc5094a91714ab9db51cfe94b7fe84c968cef_httpwwwgrupobancolombiacomwpsportalpersonasdejanos-llamarte;gracias
5429fa9def62dd1ea4d5c90e493e938788a5cc0a_aut_banco;atrabanco
5429fa9def62dd1ea4d5c90e493e938788a5cc0a_lifemiles;femeniles
5429fa9def62dd1ea4d5c90e493e938788a5cc0a_$;a
5429fa9def62dd1ea4d5c90e493e938788a5cc0a_+150;femeniles
5429fa9def62dd1ea4d5c90e493e938788a5cc0a_+65;femeniles
5429fa9def62dd1ea4d5c90e493e938788a5cc0a_ummmmm;femeniles
5429fa9def62dd1ea4d5c90e493e938788a5cc0a_necesitaria;necesitaría
5429fa9def62dd1ea4d5c90e493e938788a5cc0a_600am;femeniles
5429fa9def62dd1ea4d5c90e493e938788a5cc0a_1000pm;femeniles
a5f25ef4ec0ed08a8b3df8203b253384e87c58be_15%;femeniles
4bbb14fc6796a78bf2b685377c2d88012209e51d_-;a
4bbb14fc6796a78bf2b685377c2d88012209e51d_httpwwwgrupobancolombiacomwpsportalpersonasdejanos-llamarte;a
d4159a59ff59e525779417d775228d2f8dd6c7aa_aperturarla;apertura
d4159a59ff59e525779417d775228d2f8dd6c7aa_aut_banco;atrabanco
d4159a59ff59e525779417d775228d2f8dd6c7aa_cc-;ca-
eee8c424ff379d46084c886b447ba3d1c7364beb_aut_banco;atrabanco
eee8c424ff379d46084c886b447ba3d1c7364beb_transaccion;transacción
eee8c424ff379d46084c886b447ba3d1c7364beb_luegooo;luego
eee8c424ff379d46084c886b447ba3d1c7364beb_gracas;gracias
e5cae89b7a4ccb35d87892a115fd3c8949391f09_aut_banco;atrabanco
e5cae89b7a4ccb35d87892a115fd3c8949391f09_wwwgrupobancolombiacom;bancolombia
e5cae89b7a4ccb35d87892a115fd3c8949391f09_contactadoa;contactados
e5cae89b7a4ccb35d87892a115fd3c8949391f09_informadoa;informados
e5cae89b7a4ccb35d87892a115fd3c8949391f09_httpwwwgrupobancolombiacomwpsportalpersonasdocumentos-legalesproteccion-datosbancolombia-sa;informados
c10c3b3c05ba8b48b96ecc749a19ebd409237a20_permitame;permita me
f875e4a69e7e02219a0fe6529758b44b680e567f_agendamiento;agenda miento
f875e4a69e7e02219a0fe6529758b44b680e567f_0mtgyn2r66r6trhm;agenda miento
77a0eb194356d68704abf231aeaf3eb72513c3d9_000y;agenda miento
77a0eb194356d68704abf231aeaf3eb72513c3d9_añosy;años
77a0eb194356d68704abf231aeaf3eb72513c3d9_okgracias;graciadas
77a0eb194356d68704abf231aeaf3eb72513c3d9_150%;graciadas
77a0eb194356d68704abf231aeaf3eb72513c3d9_buenomuchas;bueno muchas
77a0eb194356d68704abf231aeaf3eb72513c3d9_graciasigualmente;gracias igualmente
a85fb1ba11545b21ff77095c8a556b21cef3f0ce_cuenteme;cuénteme
a85fb1ba11545b21ff77095c8a556b21cef3f0ce_wwwgrupobancolombiacom;bancolombia
a85fb1ba11545b21ff77095c8a556b21cef3f0ce_cualquieera;cualquiera
a85fb1ba11545b21ff77095c8a556b21cef3f0ce_bloqueadosi;bloqueados
a85fb1ba11545b21ff77095c8a556b21cef3f0ce_olivdo;olvido
a85fb1ba11545b21ff77095c8a556b21cef3f0ce_aut_banco;atrabanco
88fe45d2d70f0493b16dec9b8df00a6ab62d6cbd_ayudahh;ayuda
478eb1acc740de6bb4552b74c74ad46d8261f6e4_rediferido;re diferido
478eb1acc740de6bb4552b74c74ad46d8261f6e4_50%;re diferido
478eb1acc740de6bb4552b74c74ad46d8261f6e4_mesesla;meses la
0f24146ebef693d988968e4894233ca502eca9ec_lifemiles;femeniles
0f24146ebef693d988968e4894233ca502eca9ec_+150;femeniles
0f24146ebef693d988968e4894233ca502eca9ec_+65;femeniles
0f24146ebef693d988968e4894233ca502eca9ec_equpaje;equipaje
0f24146ebef693d988968e4894233ca502eca9ec_600usd;equipaje
0f24146ebef693d988968e4894233ca502eca9ec_quieramas;quier amas
0f24146ebef693d988968e4894233ca502eca9ec_lifemile;asemille
0f24146ebef693d988968e4894233ca502eca9ec_conusted;con usted
8e5a44d814e5556e78c13f0a8e0bdc78a816de14_permitame;permita me
aac5ccde1a6fe056de0b10c861bc77abd99a745b_3e;e
aac5ccde1a6fe056de0b10c861bc77abd99a745b_hannpasado;pasamanado
aac5ccde1a6fe056de0b10c861bc77abd99a745b_entiedo;entieso
aac5ccde1a6fe056de0b10c861bc77abd99a745b_vamosa;vamos
2f7d8fcea649dbc034a31daf8ec0ac8e4261259b_paguina;pagina
2f7d8fcea649dbc034a31daf8ec0ac8e4261259b_aut_banco;atrabanco
2f7d8fcea649dbc034a31daf8ec0ac8e4261259b_relalice;relativice
714f3694cd27e6df4286519f1cf1d26986fb381d_ser4ia;seria
714f3694cd27e6df4286519f1cf1d26986fb381d_eml_f8bce7b45b4a819c62829763023e9240d8df7b1d;seria
714f3694cd27e6df4286519f1cf1d26986fb381d_aut_banco;atrabanco
714f3694cd27e6df4286519f1cf1d26986fb381d_regaleme;regale me
714f3694cd27e6df4286519f1cf1d26986fb381d_ahor;ahora
714f3694cd27e6df4286519f1cf1d26986fb381d_graciaas;gracias
bece4607f3c8ba3cbdaa71dec04543ffa5ebf40c_inactivaba;in activaba
bece4607f3c8ba3cbdaa71dec04543ffa5ebf40c_aut_banco;atrabanco
bece4607f3c8ba3cbdaa71dec04543ffa5ebf40c_permitame;permita me
26100338ad4f5e80a4826f7961ea30c94661d8a2_httpwwwgrupobancolombiacomwpsportalpersonasdocumentos-legalesproteccion-datosbancolombia-sa;permita me
2c225b58b80ab149cedcdf83d8b0571a0d6e8fdf_bno;bono
2c225b58b80ab149cedcdf83d8b0571a0d6e8fdf_claor;calor
2c225b58b80ab149cedcdf83d8b0571a0d6e8fdf_aut_banco;atrabanco
2c225b58b80ab149cedcdf83d8b0571a0d6e8fdf_can_banco;cariblanco
2c225b58b80ab149cedcdf83d8b0571a0d6e8fdf_bloqeuo;bloqueo
2c225b58b80ab149cedcdf83d8b0571a0d6e8fdf_genra;genera
2c225b58b80ab149cedcdf83d8b0571a0d6e8fdf_tambn;también
952cfb88d6f5cf92df5d1c769bfd4e0ceab12111_transaccion;transacción
952cfb88d6f5cf92df5d1c769bfd4e0ceab12111_inscribi;inscribí
952cfb88d6f5cf92df5d1c769bfd4e0ceab12111_curnta;cuarenta
952cfb88d6f5cf92df5d1c769bfd4e0ceab12111_activacion;activación
952cfb88d6f5cf92df5d1c769bfd4e0ceab12111_compltarla;completarla
952cfb88d6f5cf92df5d1c769bfd4e0ceab12111_darios;dorias
952cfb88d6f5cf92df5d1c769bfd4e0ceab12111_crcano;cercano
d1a717a9b656cb0f1323dc51da4efa5553f79442_facturanet;facturan et
d1a717a9b656cb0f1323dc51da4efa5553f79442_inscrpcion;inscripción
d1a717a9b656cb0f1323dc51da4efa5553f79442_wwwgrupobancolombiacom;bancolombia
d1a717a9b656cb0f1323dc51da4efa5553f79442_-;a
d1a717a9b656cb0f1323dc51da4efa5553f79442_inscricpcion;inscripción
d1a717a9b656cb0f1323dc51da4efa5553f79442_preinscritas;inscritas
d1a717a9b656cb0f1323dc51da4efa5553f79442_muchisimas;muchísimas
f5fd13d89d33fda2e51bcdc77760cb57a11b8b04_aut_banco;atrabanco
f5fd13d89d33fda2e51bcdc77760cb57a11b8b04_clavr;clavar
f5fd13d89d33fda2e51bcdc77760cb57a11b8b04_150%;clavar
f5fd13d89d33fda2e51bcdc77760cb57a11b8b04_n°;ne
f5fd13d89d33fda2e51bcdc77760cb57a11b8b04_-;a
df6b30349b78a8ba87c7d25ae40db09ac1861a7e_intentandolo;intentándolo
df6b30349b78a8ba87c7d25ae40db09ac1861a7e_facturanet;facturan et
df6b30349b78a8ba87c7d25ae40db09ac1861a7e_wwwgrupobancolombiacom;bancolombia
df6b30349b78a8ba87c7d25ae40db09ac1861a7e_seelccionar;seleccionar
df6b30349b78a8ba87c7d25ae40db09ac1861a7e_-;a
df6b30349b78a8ba87c7d25ae40db09ac1861a7e_nit-cedula;nito-cedula
df6b30349b78a8ba87c7d25ae40db09ac1861a7e_convnio;convino
ff0c76e8acaaeb430f419519400fd50ddbda45cc_aelxander;revelandero
ff0c76e8acaaeb430f419519400fd50ddbda45cc_cuniquese;niquelase
ff0c76e8acaaeb430f419519400fd50ddbda45cc_aut_banco;atrabanco
ff0c76e8acaaeb430f419519400fd50ddbda45cc_indiqueme;indique me
ff0c76e8acaaeb430f419519400fd50ddbda45cc_realízarle;realzare
9c22059491a5efd49489bfb82bba20b4f85f467c_impórtar;importar
9c22059491a5efd49489bfb82bba20b4f85f467c_direcciono;direccional
9c22059491a5efd49489bfb82bba20b4f85f467c_permitame;permita me
9c22059491a5efd49489bfb82bba20b4f85f467c_-;a
3d000695a898b206e806807908e77dd627a6c327_noóoo;nono
3d000695a898b206e806807908e77dd627a6c327_permitame;permita me
3d000695a898b206e806807908e77dd627a6c327_wwwgrupobancolombiacom;bancolombia
bc310b7c893413d3f29c4fac678d0cc0079f0bba_cuenteme;cuénteme
dcb0d28edb573368fa26b4c38382827168f18827_usuarii;usuario
dcb0d28edb573368fa26b4c38382827168f18827_wwwgrupobancolombiacom;bancolombia
72c189c0da5019b1f050cf3007f0d8beb7e2e24c_indiqueme;indique me
72c189c0da5019b1f050cf3007f0d8beb7e2e24c_consinaciones;consignaciones
72c189c0da5019b1f050cf3007f0d8beb7e2e24c_150%;consignaciones
7cd974d5dd4fe6e8e15b3d1edde5e50f54ab6ae7_aut_banco;atrabanco
6263554ffee5726bbaea761f940e982628cbdf7f_permitame;permita me
6263554ffee5726bbaea761f940e982628cbdf7f_muchisisisimas;muchísimas
90a633b7ead21eebe1589061aa5021c71dca075b_aut_banco;atrabanco
90a633b7ead21eebe1589061aa5021c71dca075b_desaloquea;desalquila
6f8df7110bb2339a78d59f359c552ce150649c9d_cmputador;computador
6f8df7110bb2339a78d59f359c552ce150649c9d_httpwwwgrupobancolombiacomwpsportalpersonasdocumentos-legalesproteccion-datosbancolombia-sa;computador
977ba36fe2c80a4b948417ae53627324c19cbea2_cuenteme;cuénteme
977ba36fe2c80a4b948417ae53627324c19cbea2_000$;cuénteme
977ba36fe2c80a4b948417ae53627324c19cbea2_150%;cuénteme
cd3f2e53d8f98632cb18616c5b253e72e5eec94c_proceso¨;proceso
b7778ed1620932c2c6d8353d9c0f23e2aaf94960_recomendariamos;recomendaríamos
225afe43b95481dfcd8a4cc649fc83d8d60f53a1_cuenteme;cuénteme
225afe43b95481dfcd8a4cc649fc83d8d60f53a1_sucursalel;sucursales
225afe43b95481dfcd8a4cc649fc83d8d60f53a1_aut_banco;atrabanco
225afe43b95481dfcd8a4cc649fc83d8d60f53a1_httpwwwgrupobancolombiacompersonal;atrabanco
2621259cec25a40ffcf1d7e79393996457406f40_5204818d8b1d060b6a55ea7a187decc37ce58;atrabanco
2621259cec25a40ffcf1d7e79393996457406f40_liisto;listo
e29000594bd41c6622fc19b6252eda2cde93d276_consignation;consignativo
e29000594bd41c6622fc19b6252eda2cde93d276_requermiento;requerimiento
e29000594bd41c6622fc19b6252eda2cde93d276_aut_banco;atrabanco
e29000594bd41c6622fc19b6252eda2cde93d276_realízarle;realzare
d2e67f2bcee884ccfbf7928eb46fdbd9227616aa_muybien;muy bien
d2e67f2bcee884ccfbf7928eb46fdbd9227616aa_favr;favor
d2e67f2bcee884ccfbf7928eb46fdbd9227616aa_aut_banco;atrabanco
d2e67f2bcee884ccfbf7928eb46fdbd9227616aa_esperand;esperan
d2e67f2bcee884ccfbf7928eb46fdbd9227616aa_contancto;contante
fc958bbdc5c1be1d43c1315ee70221c98f96295d_cobrándo;cobrando
bb02f12669aebdb18fd2f17b4e5f2c0769dfded9_muchasgracias;muchachearas
6d850ef1fff5a50700d8be90ab048d8712594ff5_usurio;usuro
6d850ef1fff5a50700d8be90ab048d8712594ff5_agendamiento;agenda miento
6d850ef1fff5a50700d8be90ab048d8712594ff5_0mtgyn2r66r6tr2f;agenda miento
2bd7211841745de61d760077e1b24fba3f194c47_#;a
2bd7211841745de61d760077e1b24fba3f194c47_40a;a
2bd7211841745de61d760077e1b24fba3f194c47_¨paz;paz
fbfe07274ca0032e2823e4f767582556fb09caf4_aplcacion;aplicación
fbfe07274ca0032e2823e4f767582556fb09caf4_seguridadsegunda;seguridad segunda
fbfe07274ca0032e2823e4f767582556fb09caf4_clavesolicitar;clave solicitar
fbfe07274ca0032e2823e4f767582556fb09caf4_numerico;numérico
fbfe07274ca0032e2823e4f767582556fb09caf4_}hoy;hoy
fbfe07274ca0032e2823e4f767582556fb09caf4_#;a
fbfe07274ca0032e2823e4f767582556fb09caf4_programarsela;programarse la
fbfe07274ca0032e2823e4f767582556fb09caf4_mucchas;muchas
fbfe07274ca0032e2823e4f767582556fb09caf4_productosadministración;productos administración
fbfe07274ca0032e2823e4f767582556fb09caf4_productosinscripción;productos inscripción
224396e5619caad253dd6549f8d30632a7e1047c_lifemiles;femeniles
224396e5619caad253dd6549f8d30632a7e1047c_dale};dale
224396e5619caad253dd6549f8d30632a7e1047c_n°;ne
224396e5619caad253dd6549f8d30632a7e1047c_-;a
224396e5619caad253dd6549f8d30632a7e1047c_normall-m-mi-j-v;normal-m-mi-j-v
224396e5619caad253dd6549f8d30632a7e1047c_150%;femeniles
ec10cb69b5c7070355d5e07363cbc3aca843ad37_amercan;amarcan
ec10cb69b5c7070355d5e07363cbc3aca843ad37_httpwwwgrupobancolombiacomwpsportalpersonasdocumentos-legalesproteccion-datosbancolombia-sa;amarcan
ec10cb69b5c7070355d5e07363cbc3aca843ad37_minutos=;minutos
bc85795d245b9c4bc8d4e4fa07b10d52e4167d07_nesesito;necesito
bc85795d245b9c4bc8d4e4fa07b10d52e4167d07_muchisimas;muchísimas
bc85795d245b9c4bc8d4e4fa07b10d52e4167d07_n°;ne
bc85795d245b9c4bc8d4e4fa07b10d52e4167d07_-;a
bc85795d245b9c4bc8d4e4fa07b10d52e4167d07_metroplus;metro plus
bc85795d245b9c4bc8d4e4fa07b10d52e4167d07_gardél;gallarda
39782eed9ac07c47b65d36c3e6c0ee2ba1af6f3e_llamariamos;llamaríamos
39782eed9ac07c47b65d36c3e6c0ee2ba1af6f3e_permitame;permita me
3b1f11353df3d4b72315296c27f2df8980149537_parasolicitar;para solicitar
3b1f11353df3d4b72315296c27f2df8980149537_aut_banco;atrabanco
3b1f11353df3d4b72315296c27f2df8980149537_activacion;activación
3b1f11353df3d4b72315296c27f2df8980149537_autenticarlo;autenticar lo
fc22008872e2d5ea82a87674d887667bef7a91e4_graciad;graciada
f0771096041bab2605793581c1582132e6895e58_tranfsac;transacción
f0771096041bab2605793581c1582132e6895e58_eml_34ded1b99159f599968159ceb72437cfe0a575c0;transacción
f0771096041bab2605793581c1582132e6895e58_duber;deber
f0771096041bab2605793581c1582132e6895e58_necesto;necesito
f0771096041bab2605793581c1582132e6895e58_teleperformance;pelecaniforme
f0771096041bab2605793581c1582132e6895e58_aut_banco;atrabanco
f0771096041bab2605793581c1582132e6895e58_eml_11fc669433355c1a6facc58600c4dbfd5817add8;atrabanco
f0771096041bab2605793581c1582132e6895e58_veronia;neroniana
f0771096041bab2605793581c1582132e6895e58_permitame;permita me
f0771096041bab2605793581c1582132e6895e58_serivicio;servicio
0d6a90c5215173d5f1e505c492304414ec21e47d_certififcación;certificación
0d6a90c5215173d5f1e505c492304414ec21e47d_cooreo;coreo
0d6a90c5215173d5f1e505c492304414ec21e47d_eml_3cd23ce09fc085b265b73863708bebc23c271e81;coreo
0d6a90c5215173d5f1e505c492304414ec21e47d_aut_banco;atrabanco
0d6a90c5215173d5f1e505c492304414ec21e47d_cuenteme;cuénteme
0d6a90c5215173d5f1e505c492304414ec21e47d_nuemro;numero
f4802271c0b28dae7c50f63f879dab6c81e265f5_neecesito;necesito
f4802271c0b28dae7c50f63f879dab6c81e265f5_vistual+;vitualla
f4802271c0b28dae7c50f63f879dab6c81e265f5_wwwgrupobancolombiacom;bancolombia
f4802271c0b28dae7c50f63f879dab6c81e265f5_hacer+};hacer
d9f30e5c0d4a5f00586c5908fec3d3c0a3b2a6da_100%;hacer
159645993abf11916577b57a6b1f5659438e51df_httpwwwgrupobancolombiacompersonal;hacer
631e07997e96f3944c6a30b3224e3ded0b1754b2_oocupado;ocupado
b4428f2160dcb4cbaf6a8513049a3295ac5d217c_necesitaps;necesitas
b4428f2160dcb4cbaf6a8513049a3295ac5d217c_registraeme;registrarme
b4428f2160dcb4cbaf6a8513049a3295ac5d217c_httpssucursalpersonastransaccionesbancolombiacommuauser#no-back-button;registrarme
b4428f2160dcb4cbaf6a8513049a3295ac5d217c_wwwbancolombiacom;bancolombia
4ad7307ef1d4a2fa9226c45de83c1ad34f9a45c5_xbr@gmailcom;bancolombia
4ad7307ef1d4a2fa9226c45de83c1ad34f9a45c5_e-mail;e-mal
4ad7307ef1d4a2fa9226c45de83c1ad34f9a45c5_excelete;tercelete
3c7d0e428c28474f7c2e746c0236793c518cf8c6_aut_banco;atrabanco
3c7d0e428c28474f7c2e746c0236793c518cf8c6_eml_daf942a702fa56058115404272ef4ad2d60c2867;atrabanco
3c7d0e428c28474f7c2e746c0236793c518cf8c6_eml_19e55cb437c8db3b06813be1d9983fc11ce4908c;atrabanco
3c7d0e428c28474f7c2e746c0236793c518cf8c6_ustrfd;frustrad
3c7d0e428c28474f7c2e746c0236793c518cf8c6_hipotecariow;hipotecario
3c7d0e428c28474f7c2e746c0236793c518cf8c6_descatualizados;descatolizados
3c7d0e428c28474f7c2e746c0236793c518cf8c6_tinse;tense
2bd06906fd00a726cfaa709bad14ce0bbae92f62_datoa;dato
2bd06906fd00a726cfaa709bad14ce0bbae92f62_aut_banco;atrabanco
2bd06906fd00a726cfaa709bad14ce0bbae92f62_líena;línea
2bd06906fd00a726cfaa709bad14ce0bbae92f62_tocaria;tocaría
b6d53ceb99d5fda17aa230f14cab5a98d0b6702e_jhonnatan;hontana
b6d53ceb99d5fda17aa230f14cab5a98d0b6702e_mastr;mastranto
7fb5134d83873292e26c259af4fc181f1cc3f19b_e-prepago;e-preparo
7fb5134d83873292e26c259af4fc181f1cc3f19b_netflix;molinete
c1211fe1cff7075f046cda674e5abd150e5c661e_aut_banco;atrabanco
c1211fe1cff7075f046cda674e5abd150e5c661e_permitame;permita me
91de1c374c8fc96150901031f887b0855049cd9e_recordé};recordé
91de1c374c8fc96150901031f887b0855049cd9e_2´500;recordé
91de1c374c8fc96150901031f887b0855049cd9e_2´800;recordé
701b70d3c74a2156e56d94971b502c0153a2a4d6_smejor;mejor
701b70d3c74a2156e56d94971b502c0153a2a4d6_garcias;garcías
701b70d3c74a2156e56d94971b502c0153a2a4d6_gracias*;gracias
830e34dee387267ea174ad920f892b856588642f_eprepago;repago
830e34dee387267ea174ad920f892b856588642f_ceran;crean
830e34dee387267ea174ad920f892b856588642f_afectaria;afectaría
fa22b6503cd3ad48ba076f5ec69c4d014cb59914_wwwgrupobancolombiacom;bancolombia
c12b8c0718f67f93bccab177988ff48ea0bba43a_decredito;decretorio
c12b8c0718f67f93bccab177988ff48ea0bba43a_datafondos;data fondos
c12b8c0718f67f93bccab177988ff48ea0bba43a_aut_banco;atrabanco
c12b8c0718f67f93bccab177988ff48ea0bba43a_zaragozanosdicen;zaragozanos dicen
c12b8c0718f67f93bccab177988ff48ea0bba43a_datafonos;datáfonos
62412ecfa705928ef74c8a5fdf32142f3f403f2b_transaccion;transacción
62412ecfa705928ef74c8a5fdf32142f3f403f2b_agendamiento;agenda miento
62412ecfa705928ef74c8a5fdf32142f3f403f2b_0mtgyn2r66r6ts0r;agenda miento
e704462a69a8088aa5cc3b777dadee231b066f40_aut_banco;atrabanco
9d0edb3481ef1b6f5fe755d78238552638a32606_blqueen;bloqueen
9d0edb3481ef1b6f5fe755d78238552638a32606_+;a
9d0edb3481ef1b6f5fe755d78238552638a32606_0mtgyn2r66r6ts1e;a
5bc36d70454bfec635d6e0e6876549b7795d45ec_0mtgyn2r66r6ts1r;a
a583273b8d192da83bc0f2c95afdaada0a6a062c_wwwgrupobancolombiacom;bancolombia
090ae1f2c70941a7ed7782f6df7ddee2f8c6dc62_interezado;interesado
090ae1f2c70941a7ed7782f6df7ddee2f8c6dc62_excenta;exenta
090ae1f2c70941a7ed7782f6df7ddee2f8c6dc62_manjeo;manejo
090ae1f2c70941a7ed7782f6df7ddee2f8c6dc62_poruqe;porque
090ae1f2c70941a7ed7782f6df7ddee2f8c6dc62_-aoc@hotmailcom;porque
090ae1f2c70941a7ed7782f6df7ddee2f8c6dc62_#;a
090ae1f2c70941a7ed7782f6df7ddee2f8c6dc62_-;a
686f6a9ecad6ea224bdc929f5b769273e204b3f1_canbiara;cambiara
686f6a9ecad6ea224bdc929f5b769273e204b3f1_clve;clave
686f6a9ecad6ea224bdc929f5b769273e204b3f1_generarme;generare
a91a55d2437b8185cb1a2e3490478187e45fdad0_notificacion;notificación
a91a55d2437b8185cb1a2e3490478187e45fdad0_cuentq;cuenta
a27b0eeea30037775ae0302bfc69eafbd4a77d47_reagendar;re agendar
a27b0eeea30037775ae0302bfc69eafbd4a77d47_agendamiento;agenda miento
a27b0eeea30037775ae0302bfc69eafbd4a77d47_0mtgyn2r66r6trwu;agenda miento
a27b0eeea30037775ae0302bfc69eafbd4a77d47_muchisimas;muchísimas
a27b0eeea30037775ae0302bfc69eafbd4a77d47_tarjta;tarjeta
a27b0eeea30037775ae0302bfc69eafbd4a77d47_jajajajajajajajajajaja;tarjeta
1fcf2631fa3c545d005307dd2ad94f2f46ce6562_eml_b98c08247ab3dbbbc758b6dd4b816dde78ad2994;tarjeta
1fcf2631fa3c545d005307dd2ad94f2f46ce6562_eml_1b87d6b497e1a7fc2bf76c4cb2c9378c5e7f123c;tarjeta
4b124ad6a4d983ff16da1f6e156a36f9e2036252_nesecitaria;necesitara
4b124ad6a4d983ff16da1f6e156a36f9e2036252_2millones;millones
4b124ad6a4d983ff16da1f6e156a36f9e2036252_franquisias;franquicias
4b124ad6a4d983ff16da1f6e156a36f9e2036252_e-mail;e-mal
c5203b2221a0039a908ec54ca9ba15c89afcec17_sñor;señor
c5203b2221a0039a908ec54ca9ba15c89afcec17_httpwwwgrupobancolombiacom;bancolombia
cf667d9e1a7b2e73e1a0a57a0570c465c0bc06a8_transaccion;transacción
cf667d9e1a7b2e73e1a0a57a0570c465c0bc06a8_palmira_;palmira
cf667d9e1a7b2e73e1a0a57a0570c465c0bc06a8_agendamiento;agenda miento
cf667d9e1a7b2e73e1a0a57a0570c465c0bc06a8_0mtgyn2r66r6trxg;agenda miento
d4e6579eb257a972e5c045dad1d4346ee8cfd123_permitame;permita me
d4e6579eb257a972e5c045dad1d4346ee8cfd123_facturanet;facturan et
d4e6579eb257a972e5c045dad1d4346ee8cfd123_wwwgrupobancolombiacom;bancolombia
1e3cc1eca0c8c1aed6d910ddb191cf5fa6f8fa4b_nochesmuy;noches muy
1e3cc1eca0c8c1aed6d910ddb191cf5fa6f8fa4b_wwwgrupobancolombiacom;bancolombia
1e3cc1eca0c8c1aed6d910ddb191cf5fa6f8fa4b_httpwwwgrupobancolombiacomwpsportalpersonasdocumentos-legalesproteccion-datosbancolombia-sa;bancolombia
1b3694a8b02b378fb47bf6cc95006cd082c59092_aut_banco;atrabanco
1b3694a8b02b378fb47bf6cc95006cd082c59092_eml_224eef4c10663c2a37158219f692a0ebe3d1e41d;atrabanco
e595f6ae1412d311cd0bb4db6ac0bb5ceb613035_aut_banco;atrabanco
e595f6ae1412d311cd0bb4db6ac0bb5ceb613035_eml_b6b957467b7fae994ed10d55df5d7586b7651dc4;atrabanco
32066eb1a5ad7c3adc23cb8697095350a8bb9802_aut_banco;atrabanco
32066eb1a5ad7c3adc23cb8697095350a8bb9802_banconautas;banco nautas
32066eb1a5ad7c3adc23cb8697095350a8bb9802_nuip;guipa
32066eb1a5ad7c3adc23cb8697095350a8bb9802_jjjjj;guipa
32066eb1a5ad7c3adc23cb8697095350a8bb9802_%c;oc
32066eb1a5ad7c3adc23cb8697095350a8bb9802_jajja;jauja
32066eb1a5ad7c3adc23cb8697095350a8bb9802_}d;d
0d8e560ace0f5a5d1fd7d770f496c8cfa6ae4e88_wwwbancolombiacom;bancolombia
0d8e560ace0f5a5d1fd7d770f496c8cfa6ae4e88_aperece;aparece
0d8e560ace0f5a5d1fd7d770f496c8cfa6ae4e88_wwwgrupobancolombiacom;bancolombia
245ada2993bc355cc31f624440a3c282cd6fa4e8_aut_banco;atrabanco
86a93b98628bf2a163df11af9fe8e319f7d47a04_e-mail;e-mal
8fbeb38b9cea7eacd67611f55d4c69b5f5f5915b_dijieron;dijeron
8fbeb38b9cea7eacd67611f55d4c69b5f5f5915b_elcertificado;el certificado
8fbeb38b9cea7eacd67611f55d4c69b5f5f5915b_aut_banco;atrabanco
8fbeb38b9cea7eacd67611f55d4c69b5f5f5915b_eniviar;enviar
8fbeb38b9cea7eacd67611f55d4c69b5f5f5915b_geberada;exagerada
8fbeb38b9cea7eacd67611f55d4c69b5f5f5915b_regalame;regala me
8fbeb38b9cea7eacd67611f55d4c69b5f5f5915b_27309@hotmailcom;regala me
ac4849e911985c19b5108533e555fd2079d8fb9f_solucitud;solicitud
ac4849e911985c19b5108533e555fd2079d8fb9f_150%;solicitud
ac4849e911985c19b5108533e555fd2079d8fb9f_jajjaja;ataja
ac4849e911985c19b5108533e555fd2079d8fb9f_jimeneznieto@gmailcom;ataja
ac4849e911985c19b5108533e555fd2079d8fb9f_señor@;señor
5980668dc9827cefd77b1f5f31fac4a904a1dfc0_0mtgyn2r66r6trty;señor
5980668dc9827cefd77b1f5f31fac4a904a1dfc0_xonfirmo;confirmo
d607724c98e2f9be944ed5f6682ee09d97d1534c_permitame;permita me
d607724c98e2f9be944ed5f6682ee09d97d1534c_audiorespuesta;audio respuesta
d607724c98e2f9be944ed5f6682ee09d97d1534c_quepuedo;que puedo
d607724c98e2f9be944ed5f6682ee09d97d1534c_activacilón;activación
d607724c98e2f9be944ed5f6682ee09d97d1534c_éxitosa;exitosa
d607724c98e2f9be944ed5f6682ee09d97d1534c_dntro;dentro
d607724c98e2f9be944ed5f6682ee09d97d1534c_mnts;montes
d607724c98e2f9be944ed5f6682ee09d97d1534c_agendamiento;agenda miento
d607724c98e2f9be944ed5f6682ee09d97d1534c_0mtgyn2r66r6truf;agenda miento
e912f366cb78fe900e2db092fe90ec4f5c7261c8_aut_banco;atrabanco
221460b2179fe8e415059f91a913f208165e6a94_aut_banco;atrabanco
221460b2179fe8e415059f91a913f208165e6a94_igalmente;igualmente
0f9411f9700c5654f0a15f1b5da3eb764271da01_*;a
0f9411f9700c5654f0a15f1b5da3eb764271da01_aut_banco;atrabanco
0f9411f9700c5654f0a15f1b5da3eb764271da01_posdiboe;posible
0f9411f9700c5654f0a15f1b5da3eb764271da01_novimientos;atrevimientos
0f9411f9700c5654f0a15f1b5da3eb764271da01_-;a
0f9411f9700c5654f0a15f1b5da3eb764271da01_***;a
0f9411f9700c5654f0a15f1b5da3eb764271da01_m8;me
0f9411f9700c5654f0a15f1b5da3eb764271da01_desc=suspension;desconsideran
0f9411f9700c5654f0a15f1b5da3eb764271da01_transaccion;transacción
0f9411f9700c5654f0a15f1b5da3eb764271da01_auth=;auto
0f9411f9700c5654f0a15f1b5da3eb764271da01_desc=buenastareascom;descompuestamente
0f9411f9700c5654f0a15f1b5da3eb764271da01_buenastareas;buenas tareas
0f9411f9700c5654f0a15f1b5da3eb764271da01_httpwwwgrupobancolombiacomwpsportalpersonasdocumentos-legalesproteccion-datosbancolombia-sa;buenas tareas
0f9411f9700c5654f0a15f1b5da3eb764271da01_wwwgrupobancolombiacom;bancolombia
fa1eca74402d6d47b4500cfc262d8b1b06a18d3d_paramicelular;pluricelular
fa1eca74402d6d47b4500cfc262d8b1b06a18d3d_wwwgrupobancolombiacom;bancolombia
f727e736f2dff6018c99ec7e5c1fc10065556718_señor@;señor
f727e736f2dff6018c99ec7e5c1fc10065556718_httpwwwgrupobancolombiacomwpsportalpersonasdocumentos-legalesproteccion-datosbancolombia-sa;señor
f727e736f2dff6018c99ec7e5c1fc10065556718_agendamiento;agenda miento
f727e736f2dff6018c99ec7e5c1fc10065556718_0mtgyn2r66r6trup;agenda miento
82ecb93047e8a834482d8739a55951a98f17b55a_aut_banco;atrabanco
82ecb93047e8a834482d8739a55951a98f17b55a_eml_9107ad43e62815249ec5e16c6ed459a9ea14fecf;atrabanco
82ecb93047e8a834482d8739a55951a98f17b55a_demoraria;demoraría
82ecb93047e8a834482d8739a55951a98f17b55a_4xmil;mili
89a8a6d0e03aa7bb8348b9b4bcb2b89bb68fefef_-;a
89a8a6d0e03aa7bb8348b9b4bcb2b89bb68fefef_8am;ama
06f4a84e147c231b873a680a43f10938a7f6f913_wwwgrupobancolombiacom;bancolombia
1c504adab12c0448607aa580fd5404964b45c937_4x1000;bancolombia
1c504adab12c0448607aa580fd5404964b45c937_httpwwwgrupobancolombiacomwpsportalpersonasdocumentos-legalesproteccion-datosbancolombia-sa;bancolombia
e0a9575f21647e8d75be12fbde0b2a2d0987cda6_cunta;cinta
e0a9575f21647e8d75be12fbde0b2a2d0987cda6_usandola;usándola
e0a9575f21647e8d75be12fbde0b2a2d0987cda6_encuntro;encuentro
e0a9575f21647e8d75be12fbde0b2a2d0987cda6_podrias;podrías
e0a9575f21647e8d75be12fbde0b2a2d0987cda6_serviria;serviría
e0a9575f21647e8d75be12fbde0b2a2d0987cda6_100%;serviría
e0a9575f21647e8d75be12fbde0b2a2d0987cda6_percanse;percance
b413dcb361693e56cb9427999c13250cea0f2fee_aut_banco;atrabanco
563fb6c4376d630b46f999ca9ef780ce0e526f29_cuenteme;cuénteme
563fb6c4376d630b46f999ca9ef780ce0e526f29_aut_banco;atrabanco
563fb6c4376d630b46f999ca9ef780ce0e526f29_httpwwwgrupobancolombiacompersonal;atrabanco
2cf3a7f4fafca04eede1c2e8a1c7efc7802f7995_e-prepago;e-preparo
2cf3a7f4fafca04eede1c2e8a1c7efc7802f7995_agradezcomucho;agradezco mucho
cc5adddf973aacddfe4cdd334e599b29778c7d10_eml_542068fb3afe1d399ad22ffa8930dba23915a0b7;agradezco mucho
cc5adddf973aacddfe4cdd334e599b29778c7d10_aut_banco;atrabanco
a69f6ad28dad50cafda699a73a76cd6159987513_aut_banco;atrabanco
4ed19cf56acfafbd11593bd7501558e90b2073c7_httpwwwgrupobancolombiacompersonal;atrabanco
4ed19cf56acfafbd11593bd7501558e90b2073c7_copialo;copilo
4ed19cf56acfafbd11593bd7501558e90b2073c7_wwwgrupobancolombiacom;bancolombia
84346837ffe78394223119bfd1ef410acb05a0a5_colaborame;colaborare
84346837ffe78394223119bfd1ef410acb05a0a5_podrias;podrías
831bcc86729891a5a255d2afde56a6352b6ed13b_aut_banco;atrabanco
831bcc86729891a5a255d2afde56a6352b6ed13b_eml_54f24f8896240d598a2f8529b4f91123715d7f2f;atrabanco
831bcc86729891a5a255d2afde56a6352b6ed13b_wwwgrupobancolombiacom;bancolombia
f51fa34e6138d2358cc6906a3f5dd3d328b78650_aut_banco;atrabanco
81e0abfcefe13eeb5ab8088abab8f3168b23f069_usandola;usándola
81e0abfcefe13eeb5ab8088abab8f3168b23f069_e-prepago;e-preparo
81e0abfcefe13eeb5ab8088abab8f3168b23f069_e-prpago;e-propago
81e0abfcefe13eeb5ab8088abab8f3168b23f069_ouedo;puedo
81e0abfcefe13eeb5ab8088abab8f3168b23f069_señor@;señor
81e0abfcefe13eeb5ab8088abab8f3168b23f069_httpwwwgrupobancolombiacomwpsportalpersonasdocumentos-legalesproteccion-datosbancolombia-sa;señor
81e0abfcefe13eeb5ab8088abab8f3168b23f069_utlice;utilice
81e0abfcefe13eeb5ab8088abab8f3168b23f069_agendamiento;agenda miento
81e0abfcefe13eeb5ab8088abab8f3168b23f069_0mtgyn2r66r6trw6;agenda miento
430bfa55e271597ae9b716c88d395b2726e92457_kethelin;kelvin
430bfa55e271597ae9b716c88d395b2726e92457_uena;una
430bfa55e271597ae9b716c88d395b2726e92457_nocahe;noche
430bfa55e271597ae9b716c88d395b2726e92457_prolemas;pro lemas
430bfa55e271597ae9b716c88d395b2726e92457_ancolomia;colombiana
430bfa55e271597ae9b716c88d395b2726e92457_cuentade;cuenta de
430bfa55e271597ae9b716c88d395b2726e92457_contrraseña;contraseña
430bfa55e271597ae9b716c88d395b2726e92457_yalo;yale
430bfa55e271597ae9b716c88d395b2726e92457_clicte;clic te
430bfa55e271597ae9b716c88d395b2726e92457_wwwgrupobancolombiacom;bancolombia
430bfa55e271597ae9b716c88d395b2726e92457_nno;no
430bfa55e271597ae9b716c88d395b2726e92457_esplico;explico
bc3af3f41678b6c218c38617ac973b60c3bca09d_prodia;parodia
bc3af3f41678b6c218c38617ac973b60c3bca09d_lifemiles;femeniles
bc3af3f41678b6c218c38617ac973b60c3bca09d_100%;femeniles
bc3af3f41678b6c218c38617ac973b60c3bca09d_smmlv;femeniles
bc3af3f41678b6c218c38617ac973b60c3bca09d_redeban-;redaban-
bc3af3f41678b6c218c38617ac973b60c3bca09d_automáticamente18;automáticamente
bc3af3f41678b6c218c38617ac973b60c3bca09d_10%;automáticamente
bc3af3f41678b6c218c38617ac973b60c3bca09d_sepora;sopera
bc3af3f41678b6c218c38617ac973b60c3bca09d_jn27@hotmailcom;sopera
bc3af3f41678b6c218c38617ac973b60c3bca09d_apt0;apta
113b901bf346d2df62f9a09b62f47f54c6ec5603_aut_banco;atrabanco
113b901bf346d2df62f9a09b62f47f54c6ec5603_autenticacion;autentican
113b901bf346d2df62f9a09b62f47f54c6ec5603_dijitos;dijimos
113b901bf346d2df62f9a09b62f47f54c6ec5603_sellama;sollama
113b901bf346d2df62f9a09b62f47f54c6ec5603_perame;perime
113b901bf346d2df62f9a09b62f47f54c6ec5603_bancamóvil;banca móvil
116371ab846e85a7f1f3ebab2cbd80d15d094788_uvr-;uviar-
116371ab846e85a7f1f3ebab2cbd80d15d094788_smmlv;uviar-
116371ab846e85a7f1f3ebab2cbd80d15d094788_50%;uviar-
116371ab846e85a7f1f3ebab2cbd80d15d094788_70%;financiaría
116371ab846e85a7f1f3ebab2cbd80d15d094788_60%;uviar-
116371ab846e85a7f1f3ebab2cbd80d15d094788_80%;uviar-
116371ab846e85a7f1f3ebab2cbd80d15d094788_40%;uviar-
116371ab846e85a7f1f3ebab2cbd80d15d094788_smlmv;uviar-
116371ab846e85a7f1f3ebab2cbd80d15d094788_30%;financiaría
116371ab846e85a7f1f3ebab2cbd80d15d094788_financiaria;financiaría
116371ab846e85a7f1f3ebab2cbd80d15d094788_30millones;empilones
116371ab846e85a7f1f3ebab2cbd80d15d094788_entendi;entendí
116371ab846e85a7f1f3ebab2cbd80d15d094788_necesitaria;necesitaría
116371ab846e85a7f1f3ebab2cbd80d15d094788_httpwwwgrupobancolombiacomwpsportalpersonasproductos-servicioscreditosconsumolibre-inversionsimulador-credito-consumo;necesitaría
116371ab846e85a7f1f3ebab2cbd80d15d094788_6%;necesitaría
116371ab846e85a7f1f3ebab2cbd80d15d094788_36%;necesitaría
116371ab846e85a7f1f3ebab2cbd80d15d094788_nadea;nade
116371ab846e85a7f1f3ebab2cbd80d15d094788_indiqueme;indique me
ec5be1b79957cd7a86af23c907e39131592ad1f5_bancamovil;bancolombia
ec5be1b79957cd7a86af23c907e39131592ad1f5_transaccion;transacción
ec5be1b79957cd7a86af23c907e39131592ad1f5_hw;he
ec5be1b79957cd7a86af23c907e39131592ad1f5_aut_banco;atrabanco
ec5be1b79957cd7a86af23c907e39131592ad1f5_};a
ec5be1b79957cd7a86af23c907e39131592ad1f5_#307;conversacional
ec5be1b79957cd7a86af23c907e39131592ad1f5_conversacio;conversacional
ec5be1b79957cd7a86af23c907e39131592ad1f5_entrw;entre
84b8478277865d7e25db85e57c785f6d70b9e4fd_fiducuenta;frecuenta
84b8478277865d7e25db85e57c785f6d70b9e4fd_wwwfiduciariabancolombiacom;bancolombia
84b8478277865d7e25db85e57c785f6d70b9e4fd_1%;frecuenta
84b8478277865d7e25db85e57c785f6d70b9e4fd_hábiles800;hábilmente
84b8478277865d7e25db85e57c785f6d70b9e4fd_hábiles700;hábilmente
84b8478277865d7e25db85e57c785f6d70b9e4fd_físca;fosca
84b8478277865d7e25db85e57c785f6d70b9e4fd_averigüo;averiguo
84b8478277865d7e25db85e57c785f6d70b9e4fd_n°;ne
84b8478277865d7e25db85e57c785f6d70b9e4fd_-;a
84b8478277865d7e25db85e57c785f6d70b9e4fd_creidto;crecido
f7e019e183c8330f99506aaf61bd1b75bcd8cad4_ayudandole;ayudando le
f7e019e183c8330f99506aaf61bd1b75bcd8cad4_skrill;sarillo
f7e019e183c8330f99506aaf61bd1b75bcd8cad4_quiesira;quisiera
f23f6415ea745f46af2f02f5940e8e4d4935780b_ustedesq;ustedes
f23f6415ea745f46af2f02f5940e8e4d4935780b_uffoperador;perforador
f23f6415ea745f46af2f02f5940e8e4d4935780b_tigovive;tiovivo
f23f6415ea745f46af2f02f5940e8e4d4935780b_aaaammdd;tiovivo
f23f6415ea745f46af2f02f5940e8e4d4935780b_intertar;internar
f23f6415ea745f46af2f02f5940e8e4d4935780b_aut_banco;atrabanco
f23f6415ea745f46af2f02f5940e8e4d4935780b_señor@;señor
f23f6415ea745f46af2f02f5940e8e4d4935780b_httpwwwgrupobancolombiacomwpsportalpersonasdocumentos-legalesproteccion-datosbancolombia-sa;señor
30ca21c9cae4373e319a1a8760b73b12c74e83ae_wwwgrupobancolombiacom;bancolombia
30ca21c9cae4373e319a1a8760b73b12c74e83ae_invalidos;inválidos
30ca21c9cae4373e319a1a8760b73b12c74e83ae_mondero;monedero
5e7cf66f2a552e0ea7ec5255db3781f35e0edb72_aut_banco;atrabanco
5e7cf66f2a552e0ea7ec5255db3781f35e0edb72_pudoestoy;pudo estoy
5e7cf66f2a552e0ea7ec5255db3781f35e0edb72_smarthphone;deshonestar
5e7cf66f2a552e0ea7ec5255db3781f35e0edb72_android;androide
5e7cf66f2a552e0ea7ec5255db3781f35e0edb72_bloquedad;bloquead
5e7cf66f2a552e0ea7ec5255db3781f35e0edb72_squen;esquejen
5e7cf66f2a552e0ea7ec5255db3781f35e0edb72_llameme;llámeme
5e7cf66f2a552e0ea7ec5255db3781f35e0edb72_actualemnte;actualmente
5e7cf66f2a552e0ea7ec5255db3781f35e0edb72_en5minutos;nutrimientos
d69418faccd6f8605b20285fd2d29fb54fb209e7_aut_banco;atrabanco
d69418faccd6f8605b20285fd2d29fb54fb209e7_infromacion;inflacionario
d69418faccd6f8605b20285fd2d29fb54fb209e7_wwwgrupobancolombiacom;bancolombia
0bc3d4dcb455a8946e12557cd263e24762c35e2c_#;a
0bc3d4dcb455a8946e12557cd263e24762c35e2c_aut_banco;atrabanco
0bc3d4dcb455a8946e12557cd263e24762c35e2c_utlice;utilice
0bc3d4dcb455a8946e12557cd263e24762c35e2c_yme;y me
0bc3d4dcb455a8946e12557cd263e24762c35e2c_prodria;propria
0bc3d4dcb455a8946e12557cd263e24762c35e2c_podria*;podrida
0bc3d4dcb455a8946e12557cd263e24762c35e2c_entoncess;entonces
0bc3d4dcb455a8946e12557cd263e24762c35e2c_muchismas;muchísimas
3a450b6e30774b9c9a6f396ef94fcfe697e67c4a_eml_7d42da6747cb9112ee7eec7b840d1aaca0e14afb;muchísimas
3a450b6e30774b9c9a6f396ef94fcfe697e67c4a_aut_banco;atrabanco
3a450b6e30774b9c9a6f396ef94fcfe697e67c4a_señor@;señor
1825aab6efa6a9ef108de43911103af766cf148d_aut_banco;atrabanco
de2436860df5602c00a0253c367251f5f9cb71c5_neeesito;necesito
de2436860df5602c00a0253c367251f5f9cb71c5_necwiato;necesito
de2436860df5602c00a0253c367251f5f9cb71c5_aut_banco;atrabanco
d8fa8a46ce6123003958f087e165637b855c32eb_valorpues;valor pues
d8fa8a46ce6123003958f087e165637b855c32eb_confie;confié
d8fa8a46ce6123003958f087e165637b855c32eb_llamarian;llamarían
d8fa8a46ce6123003958f087e165637b855c32eb_0mtgyn2r66r6ts15;llamarían
